id,bs_year,bs_month,month_name,ad_start_date,days,created_at,updated_at
1,2000,1,Baishak,1943-04-14,30,2026-08-22 00:00:00,2026-08-22 00:00:00
2,2000,2,Jestha,1943-05-14,32,2026-08-22 00:00:00,2026-08-22 00:00:00
3,2000,3,Ashad,1943-06-15,31,2026-08-22 00:00:00,2026-08-22 00:00:00
4,2000,4,Shrawan,1943-07-16,32,2026-08-22 00:00:00,2026-08-22 00:00:00
5,2000,5,Bhadra,1943-08-17,31,2026-08-22 00:00:00,2026-08-22 00:00:00
6,2000,6,Asoj,1943-09-17,30,2026-08-22 00:00:00,2026-08-22 00:00:00
7,2000,7,Kartik,1943-10-17,30,2026-08-22 00:00:00,2026-08-22 00:00:00
8,2000,8,Mangsir,1943-11-16,30,2026-08-22 00:00:00,2026-08-22 00:00:00
9,2000,9,Poush,1943-12-16,29,2026-08-22 00:00:00,2026-08-22 00:00:00
10,2000,10,Magh,1944-01-14,30,2026-08-22 00:00:00,2026-08-22 00:00:00
11,2000,11,Falgun,1944-02-13,29,2026-08-22 00:00:00,2026-08-22 00:00:00
12,2000,12,Chaitra,1944-03-13,31,2026-08-22 00:00:00,2026-08-22 00:00:00
13,2001,1,Baishak,1944-04-13,31,2026-08-22 00:00:00,2026-08-22 00:00:00
14,2001,2,Jestha,1944-05-14,31,2026-08-22 00:00:00,2026-08-22 00:00:00
15,2001,3,Ashad,1944-06-14,32,2026-08-22 00:00:00,2026-08-22 00:00:00
16,2001,4,Shrawan,1944-07-16,31,2026-08-22 00:00:00,2026-08-22 00:00:00
17,2001,5,Bhadra,1944-08-16,31,2026-08-22 00:00:00,2026-08-22 00:00:00
18,2001,6,Asoj,1944-09-16,31,2026-08-22 00:00:00,2026-08-22 00:00:00
19,2001,7,Kartik,1944-10-17,30,2026-08-22 00:00:00,2026-08-22 00:00:00
20,2001,8,Mangsir,1944-11-16,29,2026-08-22 00:00:00,2026-08-22 00:00:00
21,2001,9,Poush,1944-12-15,30,2026-08-22 00:00:00,2026-08-22 00:00:00
22,2001,10,Magh,1945-01-14,29,2026-08-22 00:00:00,2026-08-22 00:00:00
23,2001,11,Falgun,1945-02-12,30,2026-08-22 00:00:00,2026-08-22 00:00:00
24,2001,12,Chaitra,1945-03-14,30,2026-08-22 00:00:00,2026-08-22 00:00:00
25,2002,1,Baishak,1945-04-13,31,2026-08-22 00:00:00,2026-08-22 00:00:00
26,2002,2,Jestha,1945-05-14,31,2026-08-22 00:00:00,2026-08-22 00:00:00
27,2002,3,Ashad,1945-06-14,32,2026-08-22 00:00:00,2026-08-22 00:00:00
28,2002,4,Shrawan,1945-07-16,32,2026-08-22 00:00:00,2026-08-22 00:00:00
29,2002,5,Bhadra,1945-08-17,31,2026-08-22 00:00:00,2026-08-22 00:00:00
30,2002,6,Asoj,1945-09-17,30,2026-08-22 00:00:00,2026-08-22 00:00:00
31,2002,7,Kartik,1945-10-17,30,2026-08-22 00:00:00,2026-08-22 00:00:00
32,2002,8,Mangsir,1945-11-16,29,2026-08-22 00:00:00,2026-08-22 00:00:00
33,2002,9,Poush,1945-12-15,30,2026-08-22 00:00:00,2026-08-22 00:00:00
34,2002,10,Magh,1946-01-14,29,2026-08-22 00:00:00,2026-08-22 00:00:00
35,2002,11,Falgun,1946-02-12,30,2026-08-22 00:00:00,2026-08-22 00:00:00
36,2002,12,Chaitra,1946-03-14,30,2026-08-22 00:00:00,2026-08-22 00:00:00
37,2003,1,Baishak,1946-04-13,31,2026-08-22 00:00:00,2026-08-22 00:00:00
38,2003,2,Jestha,1946-05-14,32,2026-08-22 00:00:00,2026-08-22 00:00:00
39,2003,3,Ashad,1946-06-15,31,2026-08-22 00:00:00,2026-08-22 00:00:00
40,2003,4,Shrawan,1946-07-16,32,2026-08-22 00:00:00,2026-08-22 00:00:00
41,2003,5,Bhadra,1946-08-17,31,2026-08-22 00:00:00,2026-08-22 00:00:00
42,2003,6,Asoj,1946-09-17,30,2026-08-22 00:00:00,2026-08-22 00:00:00
43,2003,7,Kartik,1946-10-17,30,2026-08-22 00:00:00,2026-08-22 00:00:00
44,2003,8,Mangsir,1946-11-16,30,2026-08-22 00:00:00,2026-08-22 00:00:00
45,2003,9,Poush,1946-12-16,29,2026-08-22 00:00:00,2026-08-22 00:00:00
46,2003,10,Magh,1947-01-14,29,2026-08-22 00:00:00,2026-08-22 00:00:00
47,2003,11,Falgun,1947-02-12,30,2026-08-22 00:00:00,2026-08-22 00:00:00
48,2003,12,Chaitra,1947-03-14,31,2026-08-22 00:00:00,2026-08-22 00:00:00
49,2004,1,Baishak,1947-04-14,30,2026-08-22 00:00:00,2026-08-22 00:00:00
50,2004,2,Jestha,1947-05-14,32,2026-08-22 00:00:00,2026-08-22 00:00:00
51,2004,3,Ashad,1947-06-15,31,2026-08-22 00:00:00,2026-08-22 00:00:00
52,2004,4,Shrawan,1947-07-16,32,2026-08-22 00:00:00,2026-08-22 00:00:00
53,2004,5,Bhadra,1947-08-17,31,2026-08-22 00:00:00,2026-08-22 00:00:00
54,2004,6,Asoj,1947-09-17,30,2026-08-22 00:00:00,2026-08-22 00:00:00
55,2004,7,Kartik,1947-10-17,30,2026-08-22 00:00:00,2026-08-22 00:00:00
56,2004,8,Mangsir,1947-11-16,30,2026-08-22 00:00:00,2026-08-22 00:00:00
57,2004,9,Poush,1947-12-16,29,2026-08-22 00:00:00,2026-08-22 00:00:00
58,2004,10,Magh,1948-01-14,30,2026-08-22 00:00:00,2026-08-22 00:00:00
59,2004,11,Falgun,1948-02-13,29,2026-08-22 00:00:00,2026-08-22 00:00:00
60,2004,12,Chaitra,1948-03-13,31,2026-08-22 00:00:00,2026-08-22 00:00:00
61,2005,1,Baishak,1948-04-13,31,2026-08-22 00:00:00,2026-08-22 00:00:00
62,2005,2,Jestha,1948-05-14,31,2026-08-22 00:00:00,2026-08-22 00:00:00
63,2005,3,Ashad,1948-06-14,32,2026-08-22 00:00:00,2026-08-22 00:00:00
64,2005,4,Shrawan,1948-07-16,31,2026-08-22 00:00:00,2026-08-22 00:00:00
65,2005,5,Bhadra,1948-08-16,31,2026-08-22 00:00:00,2026-08-22 00:00:00
66,2005,6,Asoj,1948-09-16,31,2026-08-22 00:00:00,2026-08-22 00:00:00
67,2005,7,Kartik,1948-10-17,30,2026-08-22 00:00:00,2026-08-22 00:00:00
68,2005,8,Mangsir,1948-11-16,29,2026-08-22 00:00:00,2026-08-22 00:00:00
69,2005,9,Poush,1948-12-15,30,2026-08-22 00:00:00,2026-08-22 00:00:00
70,2005,10,Magh,1949-01-14,29,2026-08-22 00:00:00,2026-08-22 00:00:00
71,2005,11,Falgun,1949-02-12,30,2026-08-22 00:00:00,2026-08-22 00:00:00
72,2005,12,Chaitra,1949-03-14,30,2026-08-22 00:00:00,2026-08-22 00:00:00
73,2006,1,Baishak,1949-04-13,31,2026-08-22 00:00:00,2026-08-22 00:00:00
74,2006,2,Jestha,1949-05-14,31,2026-08-22 00:00:00,2026-08-22 00:00:00
75,2006,3,Ashad,1949-06-14,32,2026-08-22 00:00:00,2026-08-22 00:00:00
76,2006,4,Shrawan,1949-07-16,32,2026-08-22 00:00:00,2026-08-22 00:00:00
77,2006,5,Bhadra,1949-08-17,31,2026-08-22 00:00:00,2026-08-22 00:00:00
78,2006,6,Asoj,1949-09-17,30,2026-08-22 00:00:00,2026-08-22 00:00:00
79,2006,7,Kartik,1949-10-17,30,2026-08-22 00:00:00,2026-08-22 00:00:00
80,2006,8,Mangsir,1949-11-16,29,2026-08-22 00:00:00,2026-08-22 00:00:00
81,2006,9,Poush,1949-12-15,30,2026-08-22 00:00:00,2026-08-22 00:00:00
82,2006,10,Magh,1950-01-14,29,2026-08-22 00:00:00,2026-08-22 00:00:00
83,2006,11,Falgun,1950-02-12,30,2026-08-22 00:00:00,2026-08-22 00:00:00
84,2006,12,Chaitra,1950-03-14,30,2026-08-22 00:00:00,2026-08-22 00:00:00
85,2007,1,Baishak,1950-04-13,31,2026-08-22 00:00:00,2026-08-22 00:00:00
86,2007,2,Jestha,1950-05-14,32,2026-08-22 00:00:00,2026-08-22 00:00:00
87,2007,3,Ashad,1950-06-15,31,2026-08-22 00:00:00,2026-08-22 00:00:00
88,2007,4,Shrawan,1950-07-16,32,2026-08-22 00:00:00,2026-08-22 00:00:00
89,2007,5,Bhadra,1950-08-17,31,2026-08-22 00:00:00,2026-08-22 00:00:00
90,2007,6,Asoj,1950-09-17,30,2026-08-22 00:00:00,2026-08-22 00:00:00
91,2007,7,Kartik,1950-10-17,30,2026-08-22 00:00:00,2026-08-22 00:00:00
92,2007,8,Mangsir,1950-11-16,30,2026-08-22 00:00:00,2026-08-22 00:00:00
93,2007,9,Poush,1950-12-16,29,2026-08-22 00:00:00,2026-08-22 00:00:00
94,2007,10,Magh,1951-01-14,29,2026-08-22 00:00:00,2026-08-22 00:00:00
95,2007,11,Falgun,1951-02-12,30,2026-08-22 00:00:00,2026-08-22 00:00:00
96,2007,12,Chaitra,1951-03-14,31,2026-08-22 00:00:00,2026-08-22 00:00:00
97,2008,1,Baishak,1951-04-14,31,2026-08-22 00:00:00,2026-08-22 00:00:00
98,2008,2,Jestha,1951-05-15,31,2026-08-22 00:00:00,2026-08-22 00:00:00
99,2008,3,Ashad,1951-06-15,31,2026-08-22 00:00:00,2026-08-22 00:00:00
100,2008,4,Shrawan,1951-07-16,32,2026-08-22 00:00:00,2026-08-22 00:00:00
101,2008,5,Bhadra,1951-08-17,31,2026-08-22 00:00:00,2026-08-22 00:00:00
102,2008,6,Asoj,1951-09-17,31,2026-08-22 00:00:00,2026-08-22 00:00:00
103,2008,7,Kartik,1951-10-18,29,2026-08-22 00:00:00,2026-08-22 00:00:00
104,2008,8,Mangsir,1951-11-16,30,2026-08-22 00:00:00,2026-08-22 00:00:00
105,2008,9,Poush,1951-12-16,30,2026-08-22 00:00:00,2026-08-22 00:00:00
106,2008,10,Magh,1952-01-15,29,2026-08-22 00:00:00,2026-08-22 00:00:00
107,2008,11,Falgun,1952-02-13,29,2026-08-22 00:00:00,2026-08-22 00:00:00
108,2008,12,Chaitra,1952-03-13,31,2026-08-22 00:00:00,2026-08-22 00:00:00
109,2009,1,Baishak,1952-04-13,31,2026-08-22 00:00:00,2026-08-22 00:00:00
110,2009,2,Jestha,1952-05-14,31,2026-08-22 00:00:00,2026-08-22 00:00:00
111,2009,3,Ashad,1952-06-14,32,2026-08-22 00:00:00,2026-08-22 00:00:00
112,2009,4,Shrawan,1952-07-16,31,2026-08-22 00:00:00,2026-08-22 00:00:00
113,2009,5,Bhadra,1952-08-16,31,2026-08-22 00:00:00,2026-08-22 00:00:00
114,2009,6,Asoj,1952-09-16,31,2026-08-22 00:00:00,2026-08-22 00:00:00
115,2009,7,Kartik,1952-10-17,30,2026-08-22 00:00:00,2026-08-22 00:00:00
116,2009,8,Mangsir,1952-11-16,29,2026-08-22 00:00:00,2026-08-22 00:00:00
117,2009,9,Poush,1952-12-15,30,2026-08-22 00:00:00,2026-08-22 00:00:00
118,2009,10,Magh,1953-01-14,29,2026-08-22 00:00:00,2026-08-22 00:00:00
119,2009,11,Falgun,1953-02-12,30,2026-08-22 00:00:00,2026-08-22 00:00:00
120,2009,12,Chaitra,1953-03-14,30,2026-08-22 00:00:00,2026-08-22 00:00:00
121,2010,1,Baishak,1953-04-13,31,2026-08-22 00:00:00,2026-08-22 00:00:00
122,2010,2,Jestha,1953-05-14,31,2026-08-22 00:00:00,2026-08-22 00:00:00
123,2010,3,Ashad,1953-06-14,32,2026-08-22 00:00:00,2026-08-22 00:00:00
124,2010,4,Shrawan,1953-07-16,32,2026-08-22 00:00:00,2026-08-22 00:00:00
125,2010,5,Bhadra,1953-08-17,31,2026-08-22 00:00:00,2026-08-22 00:00:00
126,2010,6,Asoj,1953-09-17,30,2026-08-22 00:00:00,2026-08-22 00:00:00
127,2010,7,Kartik,1953-10-17,30,2026-08-22 00:00:00,2026-08-22 00:00:00
128,2010,8,Mangsir,1953-11-16,29,2026-08-22 00:00:00,2026-08-22 00:00:00
129,2010,9,Poush,1953-12-15,30,2026-08-22 00:00:00,2026-08-22 00:00:00
130,2010,10,Magh,1954-01-14,29,2026-08-22 00:00:00,2026-08-22 00:00:00
131,2010,11,Falgun,1954-02-12,30,2026-08-22 00:00:00,2026-08-22 00:00:00
132,2010,12,Chaitra,1954-03-14,30,2026-08-22 00:00:00,2026-08-22 00:00:00
133,2011,1,Baishak,1954-04-13,31,2026-08-22 00:00:00,2026-08-22 00:00:00
134,2011,2,Jestha,1954-05-14,32,2026-08-22 00:00:00,2026-08-22 00:00:00
135,2011,3,Ashad,1954-06-15,31,2026-08-22 00:00:00,2026-08-22 00:00:00
136,2011,4,Shrawan,1954-07-16,32,2026-08-22 00:00:00,2026-08-22 00:00:00
137,2011,5,Bhadra,1954-08-17,31,2026-08-22 00:00:00,2026-08-22 00:00:00
138,2011,6,Asoj,1954-09-17,30,2026-08-22 00:00:00,2026-08-22 00:00:00
139,2011,7,Kartik,1954-10-17,30,2026-08-22 00:00:00,2026-08-22 00:00:00
140,2011,8,Mangsir,1954-11-16,30,2026-08-22 00:00:00,2026-08-22 00:00:00
141,2011,9,Poush,1954-12-16,29,2026-08-22 00:00:00,2026-08-22 00:00:00
142,2011,10,Magh,1955-01-14,29,2026-08-22 00:00:00,2026-08-22 00:00:00
143,2011,11,Falgun,1955-02-12,30,2026-08-22 00:00:00,2026-08-22 00:00:00
144,2011,12,Chaitra,1955-03-14,31,2026-08-22 00:00:00,2026-08-22 00:00:00
145,2012,1,Baishak,1955-04-14,31,2026-08-22 00:00:00,2026-08-22 00:00:00
146,2012,2,Jestha,1955-05-15,31,2026-08-22 00:00:00,2026-08-22 00:00:00
147,2012,3,Ashad,1955-06-15,31,2026-08-22 00:00:00,2026-08-22 00:00:00
148,2012,4,Shrawan,1955-07-16,32,2026-08-22 00:00:00,2026-08-22 00:00:00
149,2012,5,Bhadra,1955-08-17,31,2026-08-22 00:00:00,2026-08-22 00:00:00
150,2012,6,Asoj,1955-09-17,31,2026-08-22 00:00:00,2026-08-22 00:00:00
151,2012,7,Kartik,1955-10-18,29,2026-08-22 00:00:00,2026-08-22 00:00:00
152,2012,8,Mangsir,1955-11-16,30,2026-08-22 00:00:00,2026-08-22 00:00:00
153,2012,9,Poush,1955-12-16,30,2026-08-22 00:00:00,2026-08-22 00:00:00
154,2012,10,Magh,1956-01-15,29,2026-08-22 00:00:00,2026-08-22 00:00:00
155,2012,11,Falgun,1956-02-13,30,2026-08-22 00:00:00,2026-08-22 00:00:00
156,2012,12,Chaitra,1956-03-14,30,2026-08-22 00:00:00,2026-08-22 00:00:00
157,2013,1,Baishak,1956-04-13,31,2026-08-22 00:00:00,2026-08-22 00:00:00
158,2013,2,Jestha,1956-05-14,31,2026-08-22 00:00:00,2026-08-22 00:00:00
159,2013,3,Ashad,1956-06-14,32,2026-08-22 00:00:00,2026-08-22 00:00:00
160,2013,4,Shrawan,1956-07-16,31,2026-08-22 00:00:00,2026-08-22 00:00:00
161,2013,5,Bhadra,1956-08-16,31,2026-08-22 00:00:00,2026-08-22 00:00:00
162,2013,6,Asoj,1956-09-16,31,2026-08-22 00:00:00,2026-08-22 00:00:00
163,2013,7,Kartik,1956-10-17,30,2026-08-22 00:00:00,2026-08-22 00:00:00
164,2013,8,Mangsir,1956-11-16,29,2026-08-22 00:00:00,2026-08-22 00:00:00
165,2013,9,Poush,1956-12-15,30,2026-08-22 00:00:00,2026-08-22 00:00:00
166,2013,10,Magh,1957-01-14,29,2026-08-22 00:00:00,2026-08-22 00:00:00
167,2013,11,Falgun,1957-02-12,30,2026-08-22 00:00:00,2026-08-22 00:00:00
168,2013,12,Chaitra,1957-03-14,30,2026-08-22 00:00:00,2026-08-22 00:00:00
169,2014,1,Baishak,1957-04-13,31,2026-08-22 00:00:00,2026-08-22 00:00:00
170,2014,2,Jestha,1957-05-14,31,2026-08-22 00:00:00,2026-08-22 00:00:00
171,2014,3,Ashad,1957-06-14,32,2026-08-22 00:00:00,2026-08-22 00:00:00
172,2014,4,Shrawan,1957-07-16,32,2026-08-22 00:00:00,2026-08-22 00:00:00
173,2014,5,Bhadra,1957-08-17,31,2026-08-22 00:00:00,2026-08-22 00:00:00
174,2014,6,Asoj,1957-09-17,30,2026-08-22 00:00:00,2026-08-22 00:00:00
175,2014,7,Kartik,1957-10-17,30,2026-08-22 00:00:00,2026-08-22 00:00:00
176,2014,8,Mangsir,1957-11-16,29,2026-08-22 00:00:00,2026-08-22 00:00:00
177,2014,9,Poush,1957-12-15,30,2026-08-22 00:00:00,2026-08-22 00:00:00
178,2014,10,Magh,1958-01-14,29,2026-08-22 00:00:00,2026-08-22 00:00:00
179,2014,11,Falgun,1958-02-12,30,2026-08-22 00:00:00,2026-08-22 00:00:00
180,2014,12,Chaitra,1958-03-14,30,2026-08-22 00:00:00,2026-08-22 00:00:00
181,2015,1,Baishak,1958-04-13,31,2026-08-22 00:00:00,2026-08-22 00:00:00
182,2015,2,Jestha,1958-05-14,32,2026-08-22 00:00:00,2026-08-22 00:00:00
183,2015,3,Ashad,1958-06-15,31,2026-08-22 00:00:00,2026-08-22 00:00:00
184,2015,4,Shrawan,1958-07-16,32,2026-08-22 00:00:00,2026-08-22 00:00:00
185,2015,5,Bhadra,1958-08-17,31,2026-08-22 00:00:00,2026-08-22 00:00:00
186,2015,6,Asoj,1958-09-17,30,2026-08-22 00:00:00,2026-08-22 00:00:00
187,2015,7,Kartik,1958-10-17,30,2026-08-22 00:00:00,2026-08-22 00:00:00
188,2015,8,Mangsir,1958-11-16,30,2026-08-22 00:00:00,2026-08-22 00:00:00
189,2015,9,Poush,1958-12-16,29,2026-08-22 00:00:00,2026-08-22 00:00:00
190,2015,10,Magh,1959-01-14,29,2026-08-22 00:00:00,2026-08-22 00:00:00
191,2015,11,Falgun,1959-02-12,30,2026-08-22 00:00:00,2026-08-22 00:00:00
192,2015,12,Chaitra,1959-03-14,31,2026-08-22 00:00:00,2026-08-22 00:00:00
193,2016,1,Baishak,1959-04-14,31,2026-08-22 00:00:00,2026-08-22 00:00:00
194,2016,2,Jestha,1959-05-15,31,2026-08-22 00:00:00,2026-08-22 00:00:00
195,2016,3,Ashad,1959-06-15,31,2026-08-22 00:00:00,2026-08-22 00:00:00
196,2016,4,Shrawan,1959-07-16,32,2026-08-22 00:00:00,2026-08-22 00:00:00
197,2016,5,Bhadra,1959-08-17,31,2026-08-22 00:00:00,2026-08-22 00:00:00
198,2016,6,Asoj,1959-09-17,31,2026-08-22 00:00:00,2026-08-22 00:00:00
199,2016,7,Kartik,1959-10-18,29,2026-08-22 00:00:00,2026-08-22 00:00:00
200,2016,8,Mangsir,1959-11-16,30,2026-08-22 00:00:00,2026-08-22 00:00:00
201,2016,9,Poush,1959-12-16,30,2026-08-22 00:00:00,2026-08-22 00:00:00
202,2016,10,Magh,1960-01-15,29,2026-08-22 00:00:00,2026-08-22 00:00:00
203,2016,11,Falgun,1960-02-13,30,2026-08-22 00:00:00,2026-08-22 00:00:00
204,2016,12,Chaitra,1960-03-14,30,2026-08-22 00:00:00,2026-08-22 00:00:00
205,2017,1,Baishak,1960-04-13,31,2026-08-22 00:00:00,2026-08-22 00:00:00
206,2017,2,Jestha,1960-05-14,31,2026-08-22 00:00:00,2026-08-22 00:00:00
207,2017,3,Ashad,1960-06-14,32,2026-08-22 00:00:00,2026-08-22 00:00:00
208,2017,4,Shrawan,1960-07-16,31,2026-08-22 00:00:00,2026-08-22 00:00:00
209,2017,5,Bhadra,1960-08-16,31,2026-08-22 00:00:00,2026-08-22 00:00:00
210,2017,6,Asoj,1960-09-16,31,2026-08-22 00:00:00,2026-08-22 00:00:00
211,2017,7,Kartik,1960-10-17,30,2026-08-22 00:00:00,2026-08-22 00:00:00
212,2017,8,Mangsir,1960-11-16,29,2026-08-22 00:00:00,2026-08-22 00:00:00
213,2017,9,Poush,1960-12-15,30,2026-08-22 00:00:00,2026-08-22 00:00:00
214,2017,10,Magh,1961-01-14,29,2026-08-22 00:00:00,2026-08-22 00:00:00
215,2017,11,Falgun,1961-02-12,30,2026-08-22 00:00:00,2026-08-22 00:00:00
216,2017,12,Chaitra,1961-03-14,30,2026-08-22 00:00:00,2026-08-22 00:00:00
217,2018,1,Baishak,1961-04-13,31,2026-08-22 00:00:00,2026-08-22 00:00:00
218,2018,2,Jestha,1961-05-14,32,2026-08-22 00:00:00,2026-08-22 00:00:00
219,2018,3,Ashad,1961-06-15,31,2026-08-22 00:00:00,2026-08-22 00:00:00
220,2018,4,Shrawan,1961-07-16,32,2026-08-22 00:00:00,2026-08-22 00:00:00
221,2018,5,Bhadra,1961-08-17,31,2026-08-22 00:00:00,2026-08-22 00:00:00
222,2018,6,Asoj,1961-09-17,30,2026-08-22 00:00:00,2026-08-22 00:00:00
223,2018,7,Kartik,1961-10-17,30,2026-08-22 00:00:00,2026-08-22 00:00:00
224,2018,8,Mangsir,1961-11-16,29,2026-08-22 00:00:00,2026-08-22 00:00:00
225,2018,9,Poush,1961-12-15,30,2026-08-22 00:00:00,2026-08-22 00:00:00
226,2018,10,Magh,1962-01-14,29,2026-08-22 00:00:00,2026-08-22 00:00:00
227,2018,11,Falgun,1962-02-12,30,2026-08-22 00:00:00,2026-08-22 00:00:00
228,2018,12,Chaitra,1962-03-14,30,2026-08-22 00:00:00,2026-08-22 00:00:00
229,2019,1,Baishak,1962-04-13,31,2026-08-22 00:00:00,2026-08-22 00:00:00
230,2019,2,Jestha,1962-05-14,32,2026-08-22 00:00:00,2026-08-22 00:00:00
231,2019,3,Ashad,1962-06-15,31,2026-08-22 00:00:00,2026-08-22 00:00:00
232,2019,4,Shrawan,1962-07-16,32,2026-08-22 00:00:00,2026-08-22 00:00:00
233,2019,5,Bhadra,1962-08-17,31,2026-08-22 00:00:00,2026-08-22 00:00:00
234,2019,6,Asoj,1962-09-17,30,2026-08-22 00:00:00,2026-08-22 00:00:00
235,2019,7,Kartik,1962-10-17,30,2026-08-22 00:00:00,2026-08-22 00:00:00
236,2019,8,Mangsir,1962-11-16,30,2026-08-22 00:00:00,2026-08-22 00:00:00
237,2019,9,Poush,1962-12-16,29,2026-08-22 00:00:00,2026-08-22 00:00:00
238,2019,10,Magh,1963-01-14,30,2026-08-22 00:00:00,2026-08-22 00:00:00
239,2019,11,Falgun,1963-02-13,29,2026-08-22 00:00:00,2026-08-22 00:00:00
240,2019,12,Chaitra,1963-03-14,31,2026-08-22 00:00:00,2026-08-22 00:00:00
241,2020,1,Baishak,1963-04-14,31,2026-08-22 00:00:00,2026-08-22 00:00:00
242,2020,2,Jestha,1963-05-15,31,2026-08-22 00:00:00,2026-08-22 00:00:00
243,2020,3,Ashad,1963-06-15,31,2026-08-22 00:00:00,2026-08-22 00:00:00
244,2020,4,Shrawan,1963-07-16,32,2026-08-22 00:00:00,2026-08-22 00:00:00
245,2020,5,Bhadra,1963-08-17,31,2026-08-22 00:00:00,2026-08-22 00:00:00
246,2020,6,Asoj,1963-09-17,31,2026-08-22 00:00:00,2026-08-22 00:00:00
247,2020,7,Kartik,1963-10-18,30,2026-08-22 00:00:00,2026-08-22 00:00:00
248,2020,8,Mangsir,1963-11-17,29,2026-08-22 00:00:00,2026-08-22 00:00:00
249,2020,9,Poush,1963-12-16,30,2026-08-22 00:00:00,2026-08-22 00:00:00
250,2020,10,Magh,1964-01-15,29,2026-08-22 00:00:00,2026-08-22 00:00:00
251,2020,11,Falgun,1964-02-13,30,2026-08-22 00:00:00,2026-08-22 00:00:00
252,2020,12,Chaitra,1964-03-14,30,2026-08-22 00:00:00,2026-08-22 00:00:00
253,2021,1,Baishak,1964-04-13,31,2026-08-22 00:00:00,2026-08-22 00:00:00
254,2021,2,Jestha,1964-05-14,31,2026-08-22 00:00:00,2026-08-22 00:00:00
255,2021,3,Ashad,1964-06-14,32,2026-08-22 00:00:00,2026-08-22 00:00:00
256,2021,4,Shrawan,1964-07-16,31,2026-08-22 00:00:00,2026-08-22 00:00:00
257,2021,5,Bhadra,1964-08-16,31,2026-08-22 00:00:00,2026-08-22 00:00:00
258,2021,6,Asoj,1964-09-16,31,2026-08-22 00:00:00,2026-08-22 00:00:00
259,2021,7,Kartik,1964-10-17,30,2026-08-22 00:00:00,2026-08-22 00:00:00
260,2021,8,Mangsir,1964-11-16,29,2026-08-22 00:00:00,2026-08-22 00:00:00
261,2021,9,Poush,1964-12-15,30,2026-08-22 00:00:00,2026-08-22 00:00:00
262,2021,10,Magh,1965-01-14,29,2026-08-22 00:00:00,2026-08-22 00:00:00
263,2021,11,Falgun,1965-02-12,30,2026-08-22 00:00:00,2026-08-22 00:00:00
264,2021,12,Chaitra,1965-03-14,30,2026-08-22 00:00:00,2026-08-22 00:00:00
265,2022,1,Baishak,1965-04-13,31,2026-08-22 00:00:00,2026-08-22 00:00:00
266,2022,2,Jestha,1965-05-14,32,2026-08-22 00:00:00,2026-08-22 00:00:00
267,2022,3,Ashad,1965-06-15,31,2026-08-22 00:00:00,2026-08-22 00:00:00
268,2022,4,Shrawan,1965-07-16,32,2026-08-22 00:00:00,2026-08-22 00:00:00
269,2022,5,Bhadra,1965-08-17,31,2026-08-22 00:00:00,2026-08-22 00:00:00
270,2022,6,Asoj,1965-09-17,30,2026-08-22 00:00:00,2026-08-22 00:00:00
271,2022,7,Kartik,1965-10-17,30,2026-08-22 00:00:00,2026-08-22 00:00:00
272,2022,8,Mangsir,1965-11-16,30,2026-08-22 00:00:00,2026-08-22 00:00:00
273,2022,9,Poush,1965-12-16,29,2026-08-22 00:00:00,2026-08-22 00:00:00
274,2022,10,Magh,1966-01-14,29,2026-08-22 00:00:00,2026-08-22 00:00:00
275,2022,11,Falgun,1966-02-12,30,2026-08-22 00:00:00,2026-08-22 00:00:00
276,2022,12,Chaitra,1966-03-14,30,2026-08-22 00:00:00,2026-08-22 00:00:00
277,2023,1,Baishak,1966-04-13,31,2026-08-22 00:00:00,2026-08-22 00:00:00
278,2023,2,Jestha,1966-05-14,32,2026-08-22 00:00:00,2026-08-22 00:00:00
279,2023,3,Ashad,1966-06-15,31,2026-08-22 00:00:00,2026-08-22 00:00:00
280,2023,4,Shrawan,1966-07-16,32,2026-08-22 00:00:00,2026-08-22 00:00:00
281,2023,5,Bhadra,1966-08-17,31,2026-08-22 00:00:00,2026-08-22 00:00:00
282,2023,6,Asoj,1966-09-17,30,2026-08-22 00:00:00,2026-08-22 00:00:00
283,2023,7,Kartik,1966-10-17,30,2026-08-22 00:00:00,2026-08-22 00:00:00
284,2023,8,Mangsir,1966-11-16,30,2026-08-22 00:00:00,2026-08-22 00:00:00
285,2023,9,Poush,1966-12-16,29,2026-08-22 00:00:00,2026-08-22 00:00:00
286,2023,10,Magh,1967-01-14,30,2026-08-22 00:00:00,2026-08-22 00:00:00
287,2023,11,Falgun,1967-02-13,29,2026-08-22 00:00:00,2026-08-22 00:00:00
288,2023,12,Chaitra,1967-03-14,31,2026-08-22 00:00:00,2026-08-22 00:00:00
289,2024,1,Baishak,1967-04-14,31,2026-08-22 00:00:00,2026-08-22 00:00:00
290,2024,2,Jestha,1967-05-15,31,2026-08-22 00:00:00,2026-08-22 00:00:00
291,2024,3,Ashad,1967-06-15,31,2026-08-22 00:00:00,2026-08-22 00:00:00
292,2024,4,Shrawan,1967-07-16,32,2026-08-22 00:00:00,2026-08-22 00:00:00
293,2024,5,Bhadra,1967-08-17,31,2026-08-22 00:00:00,2026-08-22 00:00:00
294,2024,6,Asoj,1967-09-17,31,2026-08-22 00:00:00,2026-08-22 00:00:00
295,2024,7,Kartik,1967-10-18,30,2026-08-22 00:00:00,2026-08-22 00:00:00
296,2024,8,Mangsir,1967-11-17,29,2026-08-22 00:00:00,2026-08-22 00:00:00
297,2024,9,Poush,1967-12-16,30,2026-08-22 00:00:00,2026-08-22 00:00:00
298,2024,10,Magh,1968-01-15,29,2026-08-22 00:00:00,2026-08-22 00:00:00
299,2024,11,Falgun,1968-02-13,30,2026-08-22 00:00:00,2026-08-22 00:00:00
300,2024,12,Chaitra,1968-03-14,30,2026-08-22 00:00:00,2026-08-22 00:00:00
301,2025,1,Baishak,1968-04-13,31,2026-08-22 00:00:00,2026-08-22 00:00:00
302,2025,2,Jestha,1968-05-14,31,2026-08-22 00:00:00,2026-08-22 00:00:00
303,2025,3,Ashad,1968-06-14,32,2026-08-22 00:00:00,2026-08-22 00:00:00
304,2025,4,Shrawan,1968-07-16,31,2026-08-22 00:00:00,2026-08-22 00:00:00
305,2025,5,Bhadra,1968-08-16,31,2026-08-22 00:00:00,2026-08-22 00:00:00
306,2025,6,Asoj,1968-09-16,31,2026-08-22 00:00:00,2026-08-22 00:00:00
307,2025,7,Kartik,1968-10-17,30,2026-08-22 00:00:00,2026-08-22 00:00:00
308,2025,8,Mangsir,1968-11-16,29,2026-08-22 00:00:00,2026-08-22 00:00:00
309,2025,9,Poush,1968-12-15,30,2026-08-22 00:00:00,2026-08-22 00:00:00
310,2025,10,Magh,1969-01-14,29,2026-08-22 00:00:00,2026-08-22 00:00:00
311,2025,11,Falgun,1969-02-12,30,2026-08-22 00:00:00,2026-08-22 00:00:00
312,2025,12,Chaitra,1969-03-14,30,2026-08-22 00:00:00,2026-08-22 00:00:00
313,2026,1,Baishak,1969-04-13,31,2026-08-22 00:00:00,2026-08-22 00:00:00
314,2026,2,Jestha,1969-05-14,32,2026-08-22 00:00:00,2026-08-22 00:00:00
315,2026,3,Ashad,1969-06-15,31,2026-08-22 00:00:00,2026-08-22 00:00:00
316,2026,4,Shrawan,1969-07-16,32,2026-08-22 00:00:00,2026-08-22 00:00:00
317,2026,5,Bhadra,1969-08-17,31,2026-08-22 00:00:00,2026-08-22 00:00:00
318,2026,6,Asoj,1969-09-17,30,2026-08-22 00:00:00,2026-08-22 00:00:00
319,2026,7,Kartik,1969-10-17,30,2026-08-22 00:00:00,2026-08-22 00:00:00
320,2026,8,Mangsir,1969-11-16,30,2026-08-22 00:00:00,2026-08-22 00:00:00
321,2026,9,Poush,1969-12-16,29,2026-08-22 00:00:00,2026-08-22 00:00:00
322,2026,10,Magh,1970-01-14,29,2026-08-22 00:00:00,2026-08-22 00:00:00
323,2026,11,Falgun,1970-02-12,30,2026-08-22 00:00:00,2026-08-22 00:00:00
324,2026,12,Chaitra,1970-03-14,31,2026-08-22 00:00:00,2026-08-22 00:00:00
325,2027,1,Baishak,1970-04-14,30,2026-08-22 00:00:00,2026-08-22 00:00:00
326,2027,2,Jestha,1970-05-14,32,2026-08-22 00:00:00,2026-08-22 00:00:00
327,2027,3,Ashad,1970-06-15,31,2026-08-22 00:00:00,2026-08-22 00:00:00
328,2027,4,Shrawan,1970-07-16,32,2026-08-22 00:00:00,2026-08-22 00:00:00
329,2027,5,Bhadra,1970-08-17,31,2026-08-22 00:00:00,2026-08-22 00:00:00
330,2027,6,Asoj,1970-09-17,30,2026-08-22 00:00:00,2026-08-22 00:00:00
331,2027,7,Kartik,1970-10-17,30,2026-08-22 00:00:00,2026-08-22 00:00:00
332,2027,8,Mangsir,1970-11-16,30,2026-08-22 00:00:00,2026-08-22 00:00:00
333,2027,9,Poush,1970-12-16,29,2026-08-22 00:00:00,2026-08-22 00:00:00
334,2027,10,Magh,1971-01-14,30,2026-08-22 00:00:00,2026-08-22 00:00:00
335,2027,11,Falgun,1971-02-13,29,2026-08-22 00:00:00,2026-08-22 00:00:00
336,2027,12,Chaitra,1971-03-14,31,2026-08-22 00:00:00,2026-08-22 00:00:00
337,2028,1,Baishak,1971-04-14,31,2026-08-22 00:00:00,2026-08-22 00:00:00
338,2028,2,Jestha,1971-05-15,31,2026-08-22 00:00:00,2026-08-22 00:00:00
339,2028,3,Ashad,1971-06-15,32,2026-08-22 00:00:00,2026-08-22 00:00:00
340,2028,4,Shrawan,1971-07-17,31,2026-08-22 00:00:00,2026-08-22 00:00:00
341,2028,5,Bhadra,1971-08-17,31,2026-08-22 00:00:00,2026-08-22 00:00:00
342,2028,6,Asoj,1971-09-17,31,2026-08-22 00:00:00,2026-08-22 00:00:00
343,2028,7,Kartik,1971-10-18,30,2026-08-22 00:00:00,2026-08-22 00:00:00
344,2028,8,Mangsir,1971-11-17,29,2026-08-22 00:00:00,2026-08-22 00:00:00
345,2028,9,Poush,1971-12-16,30,2026-08-22 00:00:00,2026-08-22 00:00:00
346,2028,10,Magh,1972-01-15,29,2026-08-22 00:00:00,2026-08-22 00:00:00
347,2028,11,Falgun,1972-02-13,30,2026-08-22 00:00:00,2026-08-22 00:00:00
348,2028,12,Chaitra,1972-03-14,30,2026-08-22 00:00:00,2026-08-22 00:00:00
349,2029,1,Baishak,1972-04-13,31,2026-08-22 00:00:00,2026-08-22 00:00:00
350,2029,2,Jestha,1972-05-14,31,2026-08-22 00:00:00,2026-08-22 00:00:00
351,2029,3,Ashad,1972-06-14,32,2026-08-22 00:00:00,2026-08-22 00:00:00
352,2029,4,Shrawan,1972-07-16,31,2026-08-22 00:00:00,2026-08-22 00:00:00
353,2029,5,Bhadra,1972-08-16,32,2026-08-22 00:00:00,2026-08-22 00:00:00
354,2029,6,Asoj,1972-09-17,30,2026-08-22 00:00:00,2026-08-22 00:00:00
355,2029,7,Kartik,1972-10-17,30,2026-08-22 00:00:00,2026-08-22 00:00:00
356,2029,8,Mangsir,1972-11-16,29,2026-08-22 00:00:00,2026-08-22 00:00:00
357,2029,9,Poush,1972-12-15,30,2026-08-22 00:00:00,2026-08-22 00:00:00
358,2029,10,Magh,1973-01-14,29,2026-08-22 00:00:00,2026-08-22 00:00:00
359,2029,11,Falgun,1973-02-12,30,2026-08-22 00:00:00,2026-08-22 00:00:00
360,2029,12,Chaitra,1973-03-14,30,2026-08-22 00:00:00,2026-08-22 00:00:00
361,2030,1,Baishak,1973-04-13,31,2026-08-22 00:00:00,2026-08-22 00:00:00
362,2030,2,Jestha,1973-05-14,32,2026-08-22 00:00:00,2026-08-22 00:00:00
363,2030,3,Ashad,1973-06-15,31,2026-08-22 00:00:00,2026-08-22 00:00:00
364,2030,4,Shrawan,1973-07-16,32,2026-08-22 00:00:00,2026-08-22 00:00:00
365,2030,5,Bhadra,1973-08-17,31,2026-08-22 00:00:00,2026-08-22 00:00:00
366,2030,6,Asoj,1973-09-17,30,2026-08-22 00:00:00,2026-08-22 00:00:00
367,2030,7,Kartik,1973-10-17,30,2026-08-22 00:00:00,2026-08-22 00:00:00
368,2030,8,Mangsir,1973-11-16,30,2026-08-22 00:00:00,2026-08-22 00:00:00
369,2030,9,Poush,1973-12-16,29,2026-08-22 00:00:00,2026-08-22 00:00:00
370,2030,10,Magh,1974-01-14,29,2026-08-22 00:00:00,2026-08-22 00:00:00
371,2030,11,Falgun,1974-02-12,30,2026-08-22 00:00:00,2026-08-22 00:00:00
372,2030,12,Chaitra,1974-03-14,31,2026-08-22 00:00:00,2026-08-22 00:00:00
373,2031,1,Baishak,1974-04-14,30,2026-08-22 00:00:00,2026-08-22 00:00:00
374,2031,2,Jestha,1974-05-14,32,2026-08-22 00:00:00,2026-08-22 00:00:00
375,2031,3,Ashad,1974-06-15,31,2026-08-22 00:00:00,2026-08-22 00:00:00
376,2031,4,Shrawan,1974-07-16,32,2026-08-22 00:00:00,2026-08-22 00:00:00
377,2031,5,Bhadra,1974-08-17,31,2026-08-22 00:00:00,2026-08-22 00:00:00
378,2031,6,Asoj,1974-09-17,30,2026-08-22 00:00:00,2026-08-22 00:00:00
379,2031,7,Kartik,1974-10-17,30,2026-08-22 00:00:00,2026-08-22 00:00:00
380,2031,8,Mangsir,1974-11-16,30,2026-08-22 00:00:00,2026-08-22 00:00:00
381,2031,9,Poush,1974-12-16,29,2026-08-22 00:00:00,2026-08-22 00:00:00
382,2031,10,Magh,1975-01-14,30,2026-08-22 00:00:00,2026-08-22 00:00:00
383,2031,11,Falgun,1975-02-13,29,2026-08-22 00:00:00,2026-08-22 00:00:00
384,2031,12,Chaitra,1975-03-14,31,2026-08-22 00:00:00,2026-08-22 00:00:00
385,2032,1,Baishak,1975-04-14,31,2026-08-22 00:00:00,2026-08-22 00:00:00
386,2032,2,Jestha,1975-05-15,31,2026-08-22 00:00:00,2026-08-22 00:00:00
387,2032,3,Ashad,1975-06-15,32,2026-08-22 00:00:00,2026-08-22 00:00:00
388,2032,4,Shrawan,1975-07-17,31,2026-08-22 00:00:00,2026-08-22 00:00:00
389,2032,5,Bhadra,1975-08-17,31,2026-08-22 00:00:00,2026-08-22 00:00:00
390,2032,6,Asoj,1975-09-17,31,2026-08-22 00:00:00,2026-08-22 00:00:00
391,2032,7,Kartik,1975-10-18,30,2026-08-22 00:00:00,2026-08-22 00:00:00
392,2032,8,Mangsir,1975-11-17,29,2026-08-22 00:00:00,2026-08-22 00:00:00
393,2032,9,Poush,1975-12-16,30,2026-08-22 00:00:00,2026-08-22 00:00:00
394,2032,10,Magh,1976-01-15,29,2026-08-22 00:00:00,2026-08-22 00:00:00
395,2032,11,Falgun,1976-02-13,30,2026-08-22 00:00:00,2026-08-22 00:00:00
396,2032,12,Chaitra,1976-03-14,30,2026-08-22 00:00:00,2026-08-22 00:00:00
397,2033,1,Baishak,1976-04-13,31,2026-08-22 00:00:00,2026-08-22 00:00:00
398,2033,2,Jestha,1976-05-14,31,2026-08-22 00:00:00,2026-08-22 00:00:00
399,2033,3,Ashad,1976-06-14,32,2026-08-22 00:00:00,2026-08-22 00:00:00
400,2033,4,Shrawan,1976-07-16,32,2026-08-22 00:00:00,2026-08-22 00:00:00
401,2033,5,Bhadra,1976-08-17,31,2026-08-22 00:00:00,2026-08-22 00:00:00
402,2033,6,Asoj,1976-09-17,30,2026-08-22 00:00:00,2026-08-22 00:00:00
403,2033,7,Kartik,1976-10-17,30,2026-08-22 00:00:00,2026-08-22 00:00:00
404,2033,8,Mangsir,1976-11-16,29,2026-08-22 00:00:00,2026-08-22 00:00:00
405,2033,9,Poush,1976-12-15,30,2026-08-22 00:00:00,2026-08-22 00:00:00
406,2033,10,Magh,1977-01-14,29,2026-08-22 00:00:00,2026-08-22 00:00:00
407,2033,11,Falgun,1977-02-12,30,2026-08-22 00:00:00,2026-08-22 00:00:00
408,2033,12,Chaitra,1977-03-14,30,2026-08-22 00:00:00,2026-08-22 00:00:00
409,2034,1,Baishak,1977-04-13,31,2026-08-22 00:00:00,2026-08-22 00:00:00
410,2034,2,Jestha,1977-05-14,32,2026-08-22 00:00:00,2026-08-22 00:00:00
411,2034,3,Ashad,1977-06-15,31,2026-08-22 00:00:00,2026-08-22 00:00:00
412,2034,4,Shrawan,1977-07-16,32,2026-08-22 00:00:00,2026-08-22 00:00:00
413,2034,5,Bhadra,1977-08-17,31,2026-08-22 00:00:00,2026-08-22 00:00:00
414,2034,6,Asoj,1977-09-17,30,2026-08-22 00:00:00,2026-08-22 00:00:00
415,2034,7,Kartik,1977-10-17,30,2026-08-22 00:00:00,2026-08-22 00:00:00
416,2034,8,Mangsir,1977-11-16,30,2026-08-22 00:00:00,2026-08-22 00:00:00
417,2034,9,Poush,1977-12-16,29,2026-08-22 00:00:00,2026-08-22 00:00:00
418,2034,10,Magh,1978-01-14,29,2026-08-22 00:00:00,2026-08-22 00:00:00
419,2034,11,Falgun,1978-02-12,30,2026-08-22 00:00:00,2026-08-22 00:00:00
420,2034,12,Chaitra,1978-03-14,31,2026-08-22 00:00:00,2026-08-22 00:00:00
421,2035,1,Baishak,1978-04-14,30,2026-08-22 00:00:00,2026-08-22 00:00:00
422,2035,2,Jestha,1978-05-14,32,2026-08-22 00:00:00,2026-08-22 00:00:00
423,2035,3,Ashad,1978-06-15,31,2026-08-22 00:00:00,2026-08-22 00:00:00
424,2035,4,Shrawan,1978-07-16,32,2026-08-22 00:00:00,2026-08-22 00:00:00
425,2035,5,Bhadra,1978-08-17,31,2026-08-22 00:00:00,2026-08-22 00:00:00
426,2035,6,Asoj,1978-09-17,31,2026-08-22 00:00:00,2026-08-22 00:00:00
427,2035,7,Kartik,1978-10-18,29,2026-08-22 00:00:00,2026-08-22 00:00:00
428,2035,8,Mangsir,1978-11-16,30,2026-08-22 00:00:00,2026-08-22 00:00:00
429,2035,9,Poush,1978-12-16,30,2026-08-22 00:00:00,2026-08-22 00:00:00
430,2035,10,Magh,1979-01-15,29,2026-08-22 00:00:00,2026-08-22 00:00:00
431,2035,11,Falgun,1979-02-13,29,2026-08-22 00:00:00,2026-08-22 00:00:00
432,2035,12,Chaitra,1979-03-14,31,2026-08-22 00:00:00,2026-08-22 00:00:00
433,2036,1,Baishak,1979-04-14,31,2026-08-22 00:00:00,2026-08-22 00:00:00
434,2036,2,Jestha,1979-05-15,31,2026-08-22 00:00:00,2026-08-22 00:00:00
435,2036,3,Ashad,1979-06-15,32,2026-08-22 00:00:00,2026-08-22 00:00:00
436,2036,4,Shrawan,1979-07-17,31,2026-08-22 00:00:00,2026-08-22 00:00:00
437,2036,5,Bhadra,1979-08-17,31,2026-08-22 00:00:00,2026-08-22 00:00:00
438,2036,6,Asoj,1979-09-17,31,2026-08-22 00:00:00,2026-08-22 00:00:00
439,2036,7,Kartik,1979-10-18,30,2026-08-22 00:00:00,2026-08-22 00:00:00
440,2036,8,Mangsir,1979-11-17,29,2026-08-22 00:00:00,2026-08-22 00:00:00
441,2036,9,Poush,1979-12-16,30,2026-08-22 00:00:00,2026-08-22 00:00:00
442,2036,10,Magh,1980-01-15,29,2026-08-22 00:00:00,2026-08-22 00:00:00
443,2036,11,Falgun,1980-02-13,30,2026-08-22 00:00:00,2026-08-22 00:00:00
444,2036,12,Chaitra,1980-03-14,30,2026-08-22 00:00:00,2026-08-22 00:00:00
445,2037,1,Baishak,1980-04-13,31,2026-08-22 00:00:00,2026-08-22 00:00:00
446,2037,2,Jestha,1980-05-14,31,2026-08-22 00:00:00,2026-08-22 00:00:00
447,2037,3,Ashad,1980-06-14,32,2026-08-22 00:00:00,2026-08-22 00:00:00
448,2037,4,Shrawan,1980-07-16,32,2026-08-22 00:00:00,2026-08-22 00:00:00
449,2037,5,Bhadra,1980-08-17,31,2026-08-22 00:00:00,2026-08-22 00:00:00
450,2037,6,Asoj,1980-09-17,30,2026-08-22 00:00:00,2026-08-22 00:00:00
451,2037,7,Kartik,1980-10-17,30,2026-08-22 00:00:00,2026-08-22 00:00:00
452,2037,8,Mangsir,1980-11-16,29,2026-08-22 00:00:00,2026-08-22 00:00:00
453,2037,9,Poush,1980-12-15,30,2026-08-22 00:00:00,2026-08-22 00:00:00
454,2037,10,Magh,1981-01-14,29,2026-08-22 00:00:00,2026-08-22 00:00:00
455,2037,11,Falgun,1981-02-12,30,2026-08-22 00:00:00,2026-08-22 00:00:00
456,2037,12,Chaitra,1981-03-14,30,2026-08-22 00:00:00,2026-08-22 00:00:00
457,2038,1,Baishak,1981-04-13,31,2026-08-22 00:00:00,2026-08-22 00:00:00
458,2038,2,Jestha,1981-05-14,32,2026-08-22 00:00:00,2026-08-22 00:00:00
459,2038,3,Ashad,1981-06-15,31,2026-08-22 00:00:00,2026-08-22 00:00:00
460,2038,4,Shrawan,1981-07-16,32,2026-08-22 00:00:00,2026-08-22 00:00:00
461,2038,5,Bhadra,1981-08-17,31,2026-08-22 00:00:00,2026-08-22 00:00:00
462,2038,6,Asoj,1981-09-17,30,2026-08-22 00:00:00,2026-08-22 00:00:00
463,2038,7,Kartik,1981-10-17,30,2026-08-22 00:00:00,2026-08-22 00:00:00
464,2038,8,Mangsir,1981-11-16,30,2026-08-22 00:00:00,2026-08-22 00:00:00
465,2038,9,Poush,1981-12-16,29,2026-08-22 00:00:00,2026-08-22 00:00:00
466,2038,10,Magh,1982-01-14,29,2026-08-22 00:00:00,2026-08-22 00:00:00
467,2038,11,Falgun,1982-02-12,30,2026-08-22 00:00:00,2026-08-22 00:00:00
468,2038,12,Chaitra,1982-03-14,31,2026-08-22 00:00:00,2026-08-22 00:00:00
469,2039,1,Baishak,1982-04-14,31,2026-08-22 00:00:00,2026-08-22 00:00:00
470,2039,2,Jestha,1982-05-15,31,2026-08-22 00:00:00,2026-08-22 00:00:00
471,2039,3,Ashad,1982-06-15,31,2026-08-22 00:00:00,2026-08-22 00:00:00
472,2039,4,Shrawan,1982-07-16,32,2026-08-22 00:00:00,2026-08-22 00:00:00
473,2039,5,Bhadra,1982-08-17,31,2026-08-22 00:00:00,2026-08-22 00:00:00
474,2039,6,Asoj,1982-09-17,31,2026-08-22 00:00:00,2026-08-22 00:00:00
475,2039,7,Kartik,1982-10-18,29,2026-08-22 00:00:00,2026-08-22 00:00:00
476,2039,8,Mangsir,1982-11-16,30,2026-08-22 00:00:00,2026-08-22 00:00:00
477,2039,9,Poush,1982-12-16,30,2026-08-22 00:00:00,2026-08-22 00:00:00
478,2039,10,Magh,1983-01-15,29,2026-08-22 00:00:00,2026-08-22 00:00:00
479,2039,11,Falgun,1983-02-13,30,2026-08-22 00:00:00,2026-08-22 00:00:00
480,2039,12,Chaitra,1983-03-15,30,2026-08-22 00:00:00,2026-08-22 00:00:00
481,2040,1,Baishak,1983-04-14,31,2026-08-22 00:00:00,2026-08-22 00:00:00
482,2040,2,Jestha,1983-05-15,31,2026-08-22 00:00:00,2026-08-22 00:00:00
483,2040,3,Ashad,1983-06-15,32,2026-08-22 00:00:00,2026-08-22 00:00:00
484,2040,4,Shrawan,1983-07-17,31,2026-08-22 00:00:00,2026-08-22 00:00:00
485,2040,5,Bhadra,1983-08-17,31,2026-08-22 00:00:00,2026-08-22 00:00:00
486,2040,6,Asoj,1983-09-17,31,2026-08-22 00:00:00,2026-08-22 00:00:00
487,2040,7,Kartik,1983-10-18,30,2026-08-22 00:00:00,2026-08-22 00:00:00
488,2040,8,Mangsir,1983-11-17,29,2026-08-22 00:00:00,2026-08-22 00:00:00
489,2040,9,Poush,1983-12-16,30,2026-08-22 00:00:00,2026-08-22 00:00:00
490,2040,10,Magh,1984-01-15,29,2026-08-22 00:00:00,2026-08-22 00:00:00
491,2040,11,Falgun,1984-02-13,30,2026-08-22 00:00:00,2026-08-22 00:00:00
492,2040,12,Chaitra,1984-03-14,30,2026-08-22 00:00:00,2026-08-22 00:00:00
493,2041,1,Baishak,1984-04-13,31,2026-08-22 00:00:00,2026-08-22 00:00:00
494,2041,2,Jestha,1984-05-14,31,2026-08-22 00:00:00,2026-08-22 00:00:00
495,2041,3,Ashad,1984-06-14,32,2026-08-22 00:00:00,2026-08-22 00:00:00
496,2041,4,Shrawan,1984-07-16,32,2026-08-22 00:00:00,2026-08-22 00:00:00
497,2041,5,Bhadra,1984-08-17,31,2026-08-22 00:00:00,2026-08-22 00:00:00
498,2041,6,Asoj,1984-09-17,30,2026-08-22 00:00:00,2026-08-22 00:00:00
499,2041,7,Kartik,1984-10-17,30,2026-08-22 00:00:00,2026-08-22 00:00:00
500,2041,8,Mangsir,1984-11-16,29,2026-08-22 00:00:00,2026-08-22 00:00:00
501,2041,9,Poush,1984-12-15,30,2026-08-22 00:00:00,2026-08-22 00:00:00
502,2041,10,Magh,1985-01-14,29,2026-08-22 00:00:00,2026-08-22 00:00:00
503,2041,11,Falgun,1985-02-12,30,2026-08-22 00:00:00,2026-08-22 00:00:00
504,2041,12,Chaitra,1985-03-14,30,2026-08-22 00:00:00,2026-08-22 00:00:00
505,2042,1,Baishak,1985-04-13,31,2026-08-22 00:00:00,2026-08-22 00:00:00
506,2042,2,Jestha,1985-05-14,32,2026-08-22 00:00:00,2026-08-22 00:00:00
507,2042,3,Ashad,1985-06-15,31,2026-08-22 00:00:00,2026-08-22 00:00:00
508,2042,4,Shrawan,1985-07-16,32,2026-08-22 00:00:00,2026-08-22 00:00:00
509,2042,5,Bhadra,1985-08-17,31,2026-08-22 00:00:00,2026-08-22 00:00:00
510,2042,6,Asoj,1985-09-17,30,2026-08-22 00:00:00,2026-08-22 00:00:00
511,2042,7,Kartik,1985-10-17,30,2026-08-22 00:00:00,2026-08-22 00:00:00
512,2042,8,Mangsir,1985-11-16,30,2026-08-22 00:00:00,2026-08-22 00:00:00
513,2042,9,Poush,1985-12-16,29,2026-08-22 00:00:00,2026-08-22 00:00:00
514,2042,10,Magh,1986-01-14,29,2026-08-22 00:00:00,2026-08-22 00:00:00
515,2042,11,Falgun,1986-02-12,30,2026-08-22 00:00:00,2026-08-22 00:00:00
516,2042,12,Chaitra,1986-03-14,31,2026-08-22 00:00:00,2026-08-22 00:00:00
517,2043,1,Baishak,1986-04-14,31,2026-08-22 00:00:00,2026-08-22 00:00:00
518,2043,2,Jestha,1986-05-15,31,2026-08-22 00:00:00,2026-08-22 00:00:00
519,2043,3,Ashad,1986-06-15,31,2026-08-22 00:00:00,2026-08-22 00:00:00
520,2043,4,Shrawan,1986-07-16,32,2026-08-22 00:00:00,2026-08-22 00:00:00
521,2043,5,Bhadra,1986-08-17,31,2026-08-22 00:00:00,2026-08-22 00:00:00
522,2043,6,Asoj,1986-09-17,31,2026-08-22 00:00:00,2026-08-22 00:00:00
523,2043,7,Kartik,1986-10-18,29,2026-08-22 00:00:00,2026-08-22 00:00:00
524,2043,8,Mangsir,1986-11-16,30,2026-08-22 00:00:00,2026-08-22 00:00:00
525,2043,9,Poush,1986-12-16,30,2026-08-22 00:00:00,2026-08-22 00:00:00
526,2043,10,Magh,1987-01-15,29,2026-08-22 00:00:00,2026-08-22 00:00:00
527,2043,11,Falgun,1987-02-13,30,2026-08-22 00:00:00,2026-08-22 00:00:00
528,2043,12,Chaitra,1987-03-15,30,2026-08-22 00:00:00,2026-08-22 00:00:00
529,2044,1,Baishak,1987-04-14,31,2026-08-22 00:00:00,2026-08-22 00:00:00
530,2044,2,Jestha,1987-05-15,31,2026-08-22 00:00:00,2026-08-22 00:00:00
531,2044,3,Ashad,1987-06-15,32,2026-08-22 00:00:00,2026-08-22 00:00:00
532,2044,4,Shrawan,1987-07-17,31,2026-08-22 00:00:00,2026-08-22 00:00:00
533,2044,5,Bhadra,1987-08-17,31,2026-08-22 00:00:00,2026-08-22 00:00:00
534,2044,6,Asoj,1987-09-17,31,2026-08-22 00:00:00,2026-08-22 00:00:00
535,2044,7,Kartik,1987-10-18,30,2026-08-22 00:00:00,2026-08-22 00:00:00
536,2044,8,Mangsir,1987-11-17,29,2026-08-22 00:00:00,2026-08-22 00:00:00
537,2044,9,Poush,1987-12-16,30,2026-08-22 00:00:00,2026-08-22 00:00:00
538,2044,10,Magh,1988-01-15,29,2026-08-22 00:00:00,2026-08-22 00:00:00
539,2044,11,Falgun,1988-02-13,30,2026-08-22 00:00:00,2026-08-22 00:00:00
540,2044,12,Chaitra,1988-03-14,30,2026-08-22 00:00:00,2026-08-22 00:00:00
541,2045,1,Baishak,1988-04-13,31,2026-08-22 00:00:00,2026-08-22 00:00:00
542,2045,2,Jestha,1988-05-14,32,2026-08-22 00:00:00,2026-08-22 00:00:00
543,2045,3,Ashad,1988-06-15,31,2026-08-22 00:00:00,2026-08-22 00:00:00
544,2045,4,Shrawan,1988-07-16,32,2026-08-22 00:00:00,2026-08-22 00:00:00
545,2045,5,Bhadra,1988-08-17,31,2026-08-22 00:00:00,2026-08-22 00:00:00
546,2045,6,Asoj,1988-09-17,30,2026-08-22 00:00:00,2026-08-22 00:00:00
547,2045,7,Kartik,1988-10-17,30,2026-08-22 00:00:00,2026-08-22 00:00:00
548,2045,8,Mangsir,1988-11-16,29,2026-08-22 00:00:00,2026-08-22 00:00:00
549,2045,9,Poush,1988-12-15,30,2026-08-22 00:00:00,2026-08-22 00:00:00
550,2045,10,Magh,1989-01-14,29,2026-08-22 00:00:00,2026-08-22 00:00:00
551,2045,11,Falgun,1989-02-12,30,2026-08-22 00:00:00,2026-08-22 00:00:00
552,2045,12,Chaitra,1989-03-14,30,2026-08-22 00:00:00,2026-08-22 00:00:00
553,2046,1,Baishak,1989-04-13,31,2026-08-22 00:00:00,2026-08-22 00:00:00
554,2046,2,Jestha,1989-05-14,32,2026-08-22 00:00:00,2026-08-22 00:00:00
555,2046,3,Ashad,1989-06-15,31,2026-08-22 00:00:00,2026-08-22 00:00:00
556,2046,4,Shrawan,1989-07-16,32,2026-08-22 00:00:00,2026-08-22 00:00:00
557,2046,5,Bhadra,1989-08-17,31,2026-08-22 00:00:00,2026-08-22 00:00:00
558,2046,6,Asoj,1989-09-17,30,2026-08-22 00:00:00,2026-08-22 00:00:00
559,2046,7,Kartik,1989-10-17,30,2026-08-22 00:00:00,2026-08-22 00:00:00
560,2046,8,Mangsir,1989-11-16,30,2026-08-22 00:00:00,2026-08-22 00:00:00
561,2046,9,Poush,1989-12-16,29,2026-08-22 00:00:00,2026-08-22 00:00:00
562,2046,10,Magh,1990-01-14,29,2026-08-22 00:00:00,2026-08-22 00:00:00
563,2046,11,Falgun,1990-02-12,30,2026-08-22 00:00:00,2026-08-22 00:00:00
564,2046,12,Chaitra,1990-03-14,31,2026-08-22 00:00:00,2026-08-22 00:00:00
565,2047,1,Baishak,1990-04-14,31,2026-08-22 00:00:00,2026-08-22 00:00:00
566,2047,2,Jestha,1990-05-15,31,2026-08-22 00:00:00,2026-08-22 00:00:00
567,2047,3,Ashad,1990-06-15,31,2026-08-22 00:00:00,2026-08-22 00:00:00
568,2047,4,Shrawan,1990-07-16,32,2026-08-22 00:00:00,2026-08-22 00:00:00
569,2047,5,Bhadra,1990-08-17,31,2026-08-22 00:00:00,2026-08-22 00:00:00
570,2047,6,Asoj,1990-09-17,31,2026-08-22 00:00:00,2026-08-22 00:00:00
571,2047,7,Kartik,1990-10-18,30,2026-08-22 00:00:00,2026-08-22 00:00:00
572,2047,8,Mangsir,1990-11-17,29,2026-08-22 00:00:00,2026-08-22 00:00:00
573,2047,9,Poush,1990-12-16,30,2026-08-22 00:00:00,2026-08-22 00:00:00
574,2047,10,Magh,1991-01-15,29,2026-08-22 00:00:00,2026-08-22 00:00:00
575,2047,11,Falgun,1991-02-13,30,2026-08-22 00:00:00,2026-08-22 00:00:00
576,2047,12,Chaitra,1991-03-15,30,2026-08-22 00:00:00,2026-08-22 00:00:00
577,2048,1,Baishak,1991-04-14,31,2026-08-22 00:00:00,2026-08-22 00:00:00
578,2048,2,Jestha,1991-05-15,31,2026-08-22 00:00:00,2026-08-22 00:00:00
579,2048,3,Ashad,1991-06-15,32,2026-08-22 00:00:00,2026-08-22 00:00:00
580,2048,4,Shrawan,1991-07-17,31,2026-08-22 00:00:00,2026-08-22 00:00:00
581,2048,5,Bhadra,1991-08-17,31,2026-08-22 00:00:00,2026-08-22 00:00:00
582,2048,6,Asoj,1991-09-17,31,2026-08-22 00:00:00,2026-08-22 00:00:00
583,2048,7,Kartik,1991-10-18,30,2026-08-22 00:00:00,2026-08-22 00:00:00
584,2048,8,Mangsir,1991-11-17,29,2026-08-22 00:00:00,2026-08-22 00:00:00
585,2048,9,Poush,1991-12-16,30,2026-08-22 00:00:00,2026-08-22 00:00:00
586,2048,10,Magh,1992-01-15,29,2026-08-22 00:00:00,2026-08-22 00:00:00
587,2048,11,Falgun,1992-02-13,30,2026-08-22 00:00:00,2026-08-22 00:00:00
588,2048,12,Chaitra,1992-03-14,30,2026-08-22 00:00:00,2026-08-22 00:00:00
589,2049,1,Baishak,1992-04-13,31,2026-08-22 00:00:00,2026-08-22 00:00:00
590,2049,2,Jestha,1992-05-14,32,2026-08-22 00:00:00,2026-08-22 00:00:00
591,2049,3,Ashad,1992-06-15,31,2026-08-22 00:00:00,2026-08-22 00:00:00
592,2049,4,Shrawan,1992-07-16,32,2026-08-22 00:00:00,2026-08-22 00:00:00
593,2049,5,Bhadra,1992-08-17,31,2026-08-22 00:00:00,2026-08-22 00:00:00
594,2049,6,Asoj,1992-09-17,30,2026-08-22 00:00:00,2026-08-22 00:00:00
595,2049,7,Kartik,1992-10-17,30,2026-08-22 00:00:00,2026-08-22 00:00:00
596,2049,8,Mangsir,1992-11-16,30,2026-08-22 00:00:00,2026-08-22 00:00:00
597,2049,9,Poush,1992-12-16,29,2026-08-22 00:00:00,2026-08-22 00:00:00
598,2049,10,Magh,1993-01-14,29,2026-08-22 00:00:00,2026-08-22 00:00:00
599,2049,11,Falgun,1993-02-12,30,2026-08-22 00:00:00,2026-08-22 00:00:00
600,2049,12,Chaitra,1993-03-14,30,2026-08-22 00:00:00,2026-08-22 00:00:00
601,2050,1,Baishak,1993-04-13,31,2026-08-22 00:00:00,2026-08-22 00:00:00
602,2050,2,Jestha,1993-05-14,32,2026-08-22 00:00:00,2026-08-22 00:00:00
603,2050,3,Ashad,1993-06-15,31,2026-08-22 00:00:00,2026-08-22 00:00:00
604,2050,4,Shrawan,1993-07-16,32,2026-08-22 00:00:00,2026-08-22 00:00:00
605,2050,5,Bhadra,1993-08-17,31,2026-08-22 00:00:00,2026-08-22 00:00:00
606,2050,6,Asoj,1993-09-17,30,2026-08-22 00:00:00,2026-08-22 00:00:00
607,2050,7,Kartik,1993-10-17,30,2026-08-22 00:00:00,2026-08-22 00:00:00
608,2050,8,Mangsir,1993-11-16,30,2026-08-22 00:00:00,2026-08-22 00:00:00
609,2050,9,Poush,1993-12-16,29,2026-08-22 00:00:00,2026-08-22 00:00:00
610,2050,10,Magh,1994-01-14,30,2026-08-22 00:00:00,2026-08-22 00:00:00
611,2050,11,Falgun,1994-02-13,29,2026-08-22 00:00:00,2026-08-22 00:00:00
612,2050,12,Chaitra,1994-03-14,31,2026-08-22 00:00:00,2026-08-22 00:00:00
613,2051,1,Baishak,1994-04-14,31,2026-08-22 00:00:00,2026-08-22 00:00:00
614,2051,2,Jestha,1994-05-15,31,2026-08-22 00:00:00,2026-08-22 00:00:00
615,2051,3,Ashad,1994-06-15,31,2026-08-22 00:00:00,2026-08-22 00:00:00
616,2051,4,Shrawan,1994-07-16,32,2026-08-22 00:00:00,2026-08-22 00:00:00
617,2051,5,Bhadra,1994-08-17,31,2026-08-22 00:00:00,2026-08-22 00:00:00
618,2051,6,Asoj,1994-09-17,31,2026-08-22 00:00:00,2026-08-22 00:00:00
619,2051,7,Kartik,1994-10-18,30,2026-08-22 00:00:00,2026-08-22 00:00:00
620,2051,8,Mangsir,1994-11-17,29,2026-08-22 00:00:00,2026-08-22 00:00:00
621,2051,9,Poush,1994-12-16,30,2026-08-22 00:00:00,2026-08-22 00:00:00
622,2051,10,Magh,1995-01-15,29,2026-08-22 00:00:00,2026-08-22 00:00:00
623,2051,11,Falgun,1995-02-13,30,2026-08-22 00:00:00,2026-08-22 00:00:00
624,2051,12,Chaitra,1995-03-15,30,2026-08-22 00:00:00,2026-08-22 00:00:00
625,2052,1,Baishak,1995-04-14,31,2026-08-22 00:00:00,2026-08-22 00:00:00
626,2052,2,Jestha,1995-05-15,31,2026-08-22 00:00:00,2026-08-22 00:00:00
627,2052,3,Ashad,1995-06-15,32,2026-08-22 00:00:00,2026-08-22 00:00:00
628,2052,4,Shrawan,1995-07-17,31,2026-08-22 00:00:00,2026-08-22 00:00:00
629,2052,5,Bhadra,1995-08-17,31,2026-08-22 00:00:00,2026-08-22 00:00:00
630,2052,6,Asoj,1995-09-17,31,2026-08-22 00:00:00,2026-08-22 00:00:00
631,2052,7,Kartik,1995-10-18,30,2026-08-22 00:00:00,2026-08-22 00:00:00
632,2052,8,Mangsir,1995-11-17,29,2026-08-22 00:00:00,2026-08-22 00:00:00
633,2052,9,Poush,1995-12-16,30,2026-08-22 00:00:00,2026-08-22 00:00:00
634,2052,10,Magh,1996-01-15,29,2026-08-22 00:00:00,2026-08-22 00:00:00
635,2052,11,Falgun,1996-02-13,30,2026-08-22 00:00:00,2026-08-22 00:00:00
636,2052,12,Chaitra,1996-03-14,30,2026-08-22 00:00:00,2026-08-22 00:00:00
637,2053,1,Baishak,1996-04-13,31,2026-08-22 00:00:00,2026-08-22 00:00:00
638,2053,2,Jestha,1996-05-14,32,2026-08-22 00:00:00,2026-08-22 00:00:00
639,2053,3,Ashad,1996-06-15,31,2026-08-22 00:00:00,2026-08-22 00:00:00
640,2053,4,Shrawan,1996-07-16,32,2026-08-22 00:00:00,2026-08-22 00:00:00
641,2053,5,Bhadra,1996-08-17,31,2026-08-22 00:00:00,2026-08-22 00:00:00
642,2053,6,Asoj,1996-09-17,30,2026-08-22 00:00:00,2026-08-22 00:00:00
643,2053,7,Kartik,1996-10-17,30,2026-08-22 00:00:00,2026-08-22 00:00:00
644,2053,8,Mangsir,1996-11-16,30,2026-08-22 00:00:00,2026-08-22 00:00:00
645,2053,9,Poush,1996-12-16,29,2026-08-22 00:00:00,2026-08-22 00:00:00
646,2053,10,Magh,1997-01-14,29,2026-08-22 00:00:00,2026-08-22 00:00:00
647,2053,11,Falgun,1997-02-12,30,2026-08-22 00:00:00,2026-08-22 00:00:00
648,2053,12,Chaitra,1997-03-14,30,2026-08-22 00:00:00,2026-08-22 00:00:00
649,2054,1,Baishak,1997-04-13,31,2026-08-22 00:00:00,2026-08-22 00:00:00
650,2054,2,Jestha,1997-05-14,32,2026-08-22 00:00:00,2026-08-22 00:00:00
651,2054,3,Ashad,1997-06-15,31,2026-08-22 00:00:00,2026-08-22 00:00:00
652,2054,4,Shrawan,1997-07-16,32,2026-08-22 00:00:00,2026-08-22 00:00:00
653,2054,5,Bhadra,1997-08-17,31,2026-08-22 00:00:00,2026-08-22 00:00:00
654,2054,6,Asoj,1997-09-17,30,2026-08-22 00:00:00,2026-08-22 00:00:00
655,2054,7,Kartik,1997-10-17,30,2026-08-22 00:00:00,2026-08-22 00:00:00
656,2054,8,Mangsir,1997-11-16,30,2026-08-22 00:00:00,2026-08-22 00:00:00
657,2054,9,Poush,1997-12-16,29,2026-08-22 00:00:00,2026-08-22 00:00:00
658,2054,10,Magh,1998-01-14,30,2026-08-22 00:00:00,2026-08-22 00:00:00
659,2054,11,Falgun,1998-02-13,29,2026-08-22 00:00:00,2026-08-22 00:00:00
660,2054,12,Chaitra,1998-03-14,31,2026-08-22 00:00:00,2026-08-22 00:00:00
661,2055,1,Baishak,1998-04-14,31,2026-08-22 00:00:00,2026-08-22 00:00:00
662,2055,2,Jestha,1998-05-15,31,2026-08-22 00:00:00,2026-08-22 00:00:00
663,2055,3,Ashad,1998-06-15,32,2026-08-22 00:00:00,2026-08-22 00:00:00
664,2055,4,Shrawan,1998-07-17,31,2026-08-22 00:00:00,2026-08-22 00:00:00
665,2055,5,Bhadra,1998-08-17,31,2026-08-22 00:00:00,2026-08-22 00:00:00
666,2055,6,Asoj,1998-09-17,31,2026-08-22 00:00:00,2026-08-22 00:00:00
667,2055,7,Kartik,1998-10-18,30,2026-08-22 00:00:00,2026-08-22 00:00:00
668,2055,8,Mangsir,1998-11-17,29,2026-08-22 00:00:00,2026-08-22 00:00:00
669,2055,9,Poush,1998-12-16,30,2026-08-22 00:00:00,2026-08-22 00:00:00
670,2055,10,Magh,1999-01-15,29,2026-08-22 00:00:00,2026-08-22 00:00:00
671,2055,11,Falgun,1999-02-13,30,2026-08-22 00:00:00,2026-08-22 00:00:00
672,2055,12,Chaitra,1999-03-15,30,2026-08-22 00:00:00,2026-08-22 00:00:00
673,2056,1,Baishak,1999-04-14,31,2026-08-22 00:00:00,2026-08-22 00:00:00
674,2056,2,Jestha,1999-05-15,31,2026-08-22 00:00:00,2026-08-22 00:00:00
675,2056,3,Ashad,1999-06-15,32,2026-08-22 00:00:00,2026-08-22 00:00:00
676,2056,4,Shrawan,1999-07-17,31,2026-08-22 00:00:00,2026-08-22 00:00:00
677,2056,5,Bhadra,1999-08-17,32,2026-08-22 00:00:00,2026-08-22 00:00:00
678,2056,6,Asoj,1999-09-18,30,2026-08-22 00:00:00,2026-08-22 00:00:00
679,2056,7,Kartik,1999-10-18,30,2026-08-22 00:00:00,2026-08-22 00:00:00
680,2056,8,Mangsir,1999-11-17,29,2026-08-22 00:00:00,2026-08-22 00:00:00
681,2056,9,Poush,1999-12-16,30,2026-08-22 00:00:00,2026-08-22 00:00:00
682,2056,10,Magh,2000-01-15,29,2026-08-22 00:00:00,2026-08-22 00:00:00
683,2056,11,Falgun,2000-02-13,30,2026-08-22 00:00:00,2026-08-22 00:00:00
684,2056,12,Chaitra,2000-03-14,30,2026-08-22 00:00:00,2026-08-22 00:00:00
685,2057,1,Baishak,2000-04-13,31,2026-08-22 00:00:00,2026-08-22 00:00:00
686,2057,2,Jestha,2000-05-14,32,2026-08-22 00:00:00,2026-08-22 00:00:00
687,2057,3,Ashad,2000-06-15,31,2026-08-22 00:00:00,2026-08-22 00:00:00
688,2057,4,Shrawan,2000-07-16,32,2026-08-22 00:00:00,2026-08-22 00:00:00
689,2057,5,Bhadra,2000-08-17,31,2026-08-22 00:00:00,2026-08-22 00:00:00
690,2057,6,Asoj,2000-09-17,30,2026-08-22 00:00:00,2026-08-22 00:00:00
691,2057,7,Kartik,2000-10-17,30,2026-08-22 00:00:00,2026-08-22 00:00:00
692,2057,8,Mangsir,2000-11-16,30,2026-08-22 00:00:00,2026-08-22 00:00:00
693,2057,9,Poush,2000-12-16,29,2026-08-22 00:00:00,2026-08-22 00:00:00
694,2057,10,Magh,2001-01-14,29,2026-08-22 00:00:00,2026-08-22 00:00:00
695,2057,11,Falgun,2001-02-12,30,2026-08-22 00:00:00,2026-08-22 00:00:00
696,2057,12,Chaitra,2001-03-14,31,2026-08-22 00:00:00,2026-08-22 00:00:00
697,2058,1,Baishak,2001-04-14,30,2026-08-22 00:00:00,2026-08-22 00:00:00
698,2058,2,Jestha,2001-05-14,32,2026-08-22 00:00:00,2026-08-22 00:00:00
699,2058,3,Ashad,2001-06-15,31,2026-08-22 00:00:00,2026-08-22 00:00:00
700,2058,4,Shrawan,2001-07-16,32,2026-08-22 00:00:00,2026-08-22 00:00:00
701,2058,5,Bhadra,2001-08-17,31,2026-08-22 00:00:00,2026-08-22 00:00:00
702,2058,6,Asoj,2001-09-17,30,2026-08-22 00:00:00,2026-08-22 00:00:00
703,2058,7,Kartik,2001-10-17,30,2026-08-22 00:00:00,2026-08-22 00:00:00
704,2058,8,Mangsir,2001-11-16,30,2026-08-22 00:00:00,2026-08-22 00:00:00
705,2058,9,Poush,2001-12-16,29,2026-08-22 00:00:00,2026-08-22 00:00:00
706,2058,10,Magh,2002-01-14,30,2026-08-22 00:00:00,2026-08-22 00:00:00
707,2058,11,Falgun,2002-02-13,29,2026-08-22 00:00:00,2026-08-22 00:00:00
708,2058,12,Chaitra,2002-03-14,31,2026-08-22 00:00:00,2026-08-22 00:00:00
709,2059,1,Baishak,2002-04-14,31,2026-08-22 00:00:00,2026-08-22 00:00:00
710,2059,2,Jestha,2002-05-15,31,2026-08-22 00:00:00,2026-08-22 00:00:00
711,2059,3,Ashad,2002-06-15,32,2026-08-22 00:00:00,2026-08-22 00:00:00
712,2059,4,Shrawan,2002-07-17,31,2026-08-22 00:00:00,2026-08-22 00:00:00
713,2059,5,Bhadra,2002-08-17,31,2026-08-22 00:00:00,2026-08-22 00:00:00
714,2059,6,Asoj,2002-09-17,31,2026-08-22 00:00:00,2026-08-22 00:00:00
715,2059,7,Kartik,2002-10-18,30,2026-08-22 00:00:00,2026-08-22 00:00:00
716,2059,8,Mangsir,2002-11-17,29,2026-08-22 00:00:00,2026-08-22 00:00:00
717,2059,9,Poush,2002-12-16,30,2026-08-22 00:00:00,2026-08-22 00:00:00
718,2059,10,Magh,2003-01-15,29,2026-08-22 00:00:00,2026-08-22 00:00:00
719,2059,11,Falgun,2003-02-13,30,2026-08-22 00:00:00,2026-08-22 00:00:00
720,2059,12,Chaitra,2003-03-15,30,2026-08-22 00:00:00,2026-08-22 00:00:00
721,2060,1,Baishak,2003-04-14,31,2026-08-22 00:00:00,2026-08-22 00:00:00
722,2060,2,Jestha,2003-05-15,31,2026-08-22 00:00:00,2026-08-22 00:00:00
723,2060,3,Ashad,2003-06-15,32,2026-08-22 00:00:00,2026-08-22 00:00:00
724,2060,4,Shrawan,2003-07-17,32,2026-08-22 00:00:00,2026-08-22 00:00:00
725,2060,5,Bhadra,2003-08-18,31,2026-08-22 00:00:00,2026-08-22 00:00:00
726,2060,6,Asoj,2003-09-18,30,2026-08-22 00:00:00,2026-08-22 00:00:00
727,2060,7,Kartik,2003-10-18,30,2026-08-22 00:00:00,2026-08-22 00:00:00
728,2060,8,Mangsir,2003-11-17,29,2026-08-22 00:00:00,2026-08-22 00:00:00
729,2060,9,Poush,2003-12-16,30,2026-08-22 00:00:00,2026-08-22 00:00:00
730,2060,10,Magh,2004-01-15,29,2026-08-22 00:00:00,2026-08-22 00:00:00
731,2060,11,Falgun,2004-02-13,30,2026-08-22 00:00:00,2026-08-22 00:00:00
732,2060,12,Chaitra,2004-03-14,30,2026-08-22 00:00:00,2026-08-22 00:00:00
733,2061,1,Baishak,2004-04-13,31,2026-08-22 00:00:00,2026-08-22 00:00:00
734,2061,2,Jestha,2004-05-14,32,2026-08-22 00:00:00,2026-08-22 00:00:00
735,2061,3,Ashad,2004-06-15,31,2026-08-22 00:00:00,2026-08-22 00:00:00
736,2061,4,Shrawan,2004-07-16,32,2026-08-22 00:00:00,2026-08-22 00:00:00
737,2061,5,Bhadra,2004-08-17,31,2026-08-22 00:00:00,2026-08-22 00:00:00
738,2061,6,Asoj,2004-09-17,30,2026-08-22 00:00:00,2026-08-22 00:00:00
739,2061,7,Kartik,2004-10-17,30,2026-08-22 00:00:00,2026-08-22 00:00:00
740,2061,8,Mangsir,2004-11-16,30,2026-08-22 00:00:00,2026-08-22 00:00:00
741,2061,9,Poush,2004-12-16,29,2026-08-22 00:00:00,2026-08-22 00:00:00
742,2061,10,Magh,2005-01-14,29,2026-08-22 00:00:00,2026-08-22 00:00:00
743,2061,11,Falgun,2005-02-12,30,2026-08-22 00:00:00,2026-08-22 00:00:00
744,2061,12,Chaitra,2005-03-14,31,2026-08-22 00:00:00,2026-08-22 00:00:00
745,2062,1,Baishak,2005-04-14,30,2026-08-22 00:00:00,2026-08-22 00:00:00
746,2062,2,Jestha,2005-05-14,32,2026-08-22 00:00:00,2026-08-22 00:00:00
747,2062,3,Ashad,2005-06-15,31,2026-08-22 00:00:00,2026-08-22 00:00:00
748,2062,4,Shrawan,2005-07-16,32,2026-08-22 00:00:00,2026-08-22 00:00:00
749,2062,5,Bhadra,2005-08-17,31,2026-08-22 00:00:00,2026-08-22 00:00:00
750,2062,6,Asoj,2005-09-17,31,2026-08-22 00:00:00,2026-08-22 00:00:00
751,2062,7,Kartik,2005-10-18,29,2026-08-22 00:00:00,2026-08-22 00:00:00
752,2062,8,Mangsir,2005-11-16,30,2026-08-22 00:00:00,2026-08-22 00:00:00
753,2062,9,Poush,2005-12-16,29,2026-08-22 00:00:00,2026-08-22 00:00:00
754,2062,10,Magh,2006-01-14,30,2026-08-22 00:00:00,2026-08-22 00:00:00
755,2062,11,Falgun,2006-02-13,29,2026-08-22 00:00:00,2026-08-22 00:00:00
756,2062,12,Chaitra,2006-03-14,31,2026-08-22 00:00:00,2026-08-22 00:00:00
757,2063,1,Baishak,2006-04-14,31,2026-08-22 00:00:00,2026-08-22 00:00:00
758,2063,2,Jestha,2006-05-15,31,2026-08-22 00:00:00,2026-08-22 00:00:00
759,2063,3,Ashad,2006-06-15,32,2026-08-22 00:00:00,2026-08-22 00:00:00
760,2063,4,Shrawan,2006-07-17,31,2026-08-22 00:00:00,2026-08-22 00:00:00
761,2063,5,Bhadra,2006-08-17,31,2026-08-22 00:00:00,2026-08-22 00:00:00
762,2063,6,Asoj,2006-09-17,31,2026-08-22 00:00:00,2026-08-22 00:00:00
763,2063,7,Kartik,2006-10-18,30,2026-08-22 00:00:00,2026-08-22 00:00:00
764,2063,8,Mangsir,2006-11-17,29,2026-08-22 00:00:00,2026-08-22 00:00:00
765,2063,9,Poush,2006-12-16,30,2026-08-22 00:00:00,2026-08-22 00:00:00
766,2063,10,Magh,2007-01-15,29,2026-08-22 00:00:00,2026-08-22 00:00:00
767,2063,11,Falgun,2007-02-13,30,2026-08-22 00:00:00,2026-08-22 00:00:00
768,2063,12,Chaitra,2007-03-15,30,2026-08-22 00:00:00,2026-08-22 00:00:00
769,2064,1,Baishak,2007-04-14,31,2026-08-22 00:00:00,2026-08-22 00:00:00
770,2064,2,Jestha,2007-05-15,31,2026-08-22 00:00:00,2026-08-22 00:00:00
771,2064,3,Ashad,2007-06-15,32,2026-08-22 00:00:00,2026-08-22 00:00:00
772,2064,4,Shrawan,2007-07-17,32,2026-08-22 00:00:00,2026-08-22 00:00:00
773,2064,5,Bhadra,2007-08-18,31,2026-08-22 00:00:00,2026-08-22 00:00:00
774,2064,6,Asoj,2007-09-18,30,2026-08-22 00:00:00,2026-08-22 00:00:00
775,2064,7,Kartik,2007-10-18,30,2026-08-22 00:00:00,2026-08-22 00:00:00
776,2064,8,Mangsir,2007-11-17,29,2026-08-22 00:00:00,2026-08-22 00:00:00
777,2064,9,Poush,2007-12-16,30,2026-08-22 00:00:00,2026-08-22 00:00:00
778,2064,10,Magh,2008-01-15,29,2026-08-22 00:00:00,2026-08-22 00:00:00
779,2064,11,Falgun,2008-02-13,30,2026-08-22 00:00:00,2026-08-22 00:00:00
780,2064,12,Chaitra,2008-03-14,30,2026-08-22 00:00:00,2026-08-22 00:00:00
781,2065,1,Baishak,2008-04-13,31,2026-08-22 00:00:00,2026-08-22 00:00:00
782,2065,2,Jestha,2008-05-14,32,2026-08-22 00:00:00,2026-08-22 00:00:00
783,2065,3,Ashad,2008-06-15,31,2026-08-22 00:00:00,2026-08-22 00:00:00
784,2065,4,Shrawan,2008-07-16,32,2026-08-22 00:00:00,2026-08-22 00:00:00
785,2065,5,Bhadra,2008-08-17,31,2026-08-22 00:00:00,2026-08-22 00:00:00
786,2065,6,Asoj,2008-09-17,30,2026-08-22 00:00:00,2026-08-22 00:00:00
787,2065,7,Kartik,2008-10-17,30,2026-08-22 00:00:00,2026-08-22 00:00:00
788,2065,8,Mangsir,2008-11-16,30,2026-08-22 00:00:00,2026-08-22 00:00:00
789,2065,9,Poush,2008-12-16,29,2026-08-22 00:00:00,2026-08-22 00:00:00
790,2065,10,Magh,2009-01-14,29,2026-08-22 00:00:00,2026-08-22 00:00:00
791,2065,11,Falgun,2009-02-12,30,2026-08-22 00:00:00,2026-08-22 00:00:00
792,2065,12,Chaitra,2009-03-14,31,2026-08-22 00:00:00,2026-08-22 00:00:00
793,2066,1,Baishak,2009-04-14,31,2026-08-22 00:00:00,2026-08-22 00:00:00
794,2066,2,Jestha,2009-05-15,31,2026-08-22 00:00:00,2026-08-22 00:00:00
795,2066,3,Ashad,2009-06-15,31,2026-08-22 00:00:00,2026-08-22 00:00:00
796,2066,4,Shrawan,2009-07-16,32,2026-08-22 00:00:00,2026-08-22 00:00:00
797,2066,5,Bhadra,2009-08-17,31,2026-08-22 00:00:00,2026-08-22 00:00:00
798,2066,6,Asoj,2009-09-17,31,2026-08-22 00:00:00,2026-08-22 00:00:00
799,2066,7,Kartik,2009-10-18,29,2026-08-22 00:00:00,2026-08-22 00:00:00
800,2066,8,Mangsir,2009-11-16,30,2026-08-22 00:00:00,2026-08-22 00:00:00
801,2066,9,Poush,2009-12-16,30,2026-08-22 00:00:00,2026-08-22 00:00:00
802,2066,10,Magh,2010-01-15,29,2026-08-22 00:00:00,2026-08-22 00:00:00
803,2066,11,Falgun,2010-02-13,29,2026-08-22 00:00:00,2026-08-22 00:00:00
804,2066,12,Chaitra,2010-03-14,31,2026-08-22 00:00:00,2026-08-22 00:00:00
805,2067,1,Baishak,2010-04-14,31,2026-08-22 00:00:00,2026-08-22 00:00:00
806,2067,2,Jestha,2010-05-15,31,2026-08-22 00:00:00,2026-08-22 00:00:00
807,2067,3,Ashad,2010-06-15,32,2026-08-22 00:00:00,2026-08-22 00:00:00
808,2067,4,Shrawan,2010-07-17,31,2026-08-22 00:00:00,2026-08-22 00:00:00
809,2067,5,Bhadra,2010-08-17,31,2026-08-22 00:00:00,2026-08-22 00:00:00
810,2067,6,Asoj,2010-09-17,31,2026-08-22 00:00:00,2026-08-22 00:00:00
811,2067,7,Kartik,2010-10-18,30,2026-08-22 00:00:00,2026-08-22 00:00:00
812,2067,8,Mangsir,2010-11-17,29,2026-08-22 00:00:00,2026-08-22 00:00:00
813,2067,9,Poush,2010-12-16,30,2026-08-22 00:00:00,2026-08-22 00:00:00
814,2067,10,Magh,2011-01-15,29,2026-08-22 00:00:00,2026-08-22 00:00:00
815,2067,11,Falgun,2011-02-13,30,2026-08-22 00:00:00,2026-08-22 00:00:00
816,2067,12,Chaitra,2011-03-15,30,2026-08-22 00:00:00,2026-08-22 00:00:00
817,2068,1,Baishak,2011-04-14,31,2026-08-22 00:00:00,2026-08-22 00:00:00
818,2068,2,Jestha,2011-05-15,31,2026-08-22 00:00:00,2026-08-22 00:00:00
819,2068,3,Ashad,2011-06-15,32,2026-08-22 00:00:00,2026-08-22 00:00:00
820,2068,4,Shrawan,2011-07-17,32,2026-08-22 00:00:00,2026-08-22 00:00:00
821,2068,5,Bhadra,2011-08-18,31,2026-08-22 00:00:00,2026-08-22 00:00:00
822,2068,6,Asoj,2011-09-18,30,2026-08-22 00:00:00,2026-08-22 00:00:00
823,2068,7,Kartik,2011-10-18,30,2026-08-22 00:00:00,2026-08-22 00:00:00
824,2068,8,Mangsir,2011-11-17,29,2026-08-22 00:00:00,2026-08-22 00:00:00
825,2068,9,Poush,2011-12-16,30,2026-08-22 00:00:00,2026-08-22 00:00:00
826,2068,10,Magh,2012-01-15,29,2026-08-22 00:00:00,2026-08-22 00:00:00
827,2068,11,Falgun,2012-02-13,30,2026-08-22 00:00:00,2026-08-22 00:00:00
828,2068,12,Chaitra,2012-03-14,30,2026-08-22 00:00:00,2026-08-22 00:00:00
829,2069,1,Baishak,2012-04-13,31,2026-08-22 00:00:00,2026-08-22 00:00:00
830,2069,2,Jestha,2012-05-14,32,2026-08-22 00:00:00,2026-08-22 00:00:00
831,2069,3,Ashad,2012-06-15,31,2026-08-22 00:00:00,2026-08-22 00:00:00
832,2069,4,Shrawan,2012-07-16,32,2026-08-22 00:00:00,2026-08-22 00:00:00
833,2069,5,Bhadra,2012-08-17,31,2026-08-22 00:00:00,2026-08-22 00:00:00
834,2069,6,Asoj,2012-09-17,30,2026-08-22 00:00:00,2026-08-22 00:00:00
835,2069,7,Kartik,2012-10-17,30,2026-08-22 00:00:00,2026-08-22 00:00:00
836,2069,8,Mangsir,2012-11-16,30,2026-08-22 00:00:00,2026-08-22 00:00:00
837,2069,9,Poush,2012-12-16,29,2026-08-22 00:00:00,2026-08-22 00:00:00
838,2069,10,Magh,2013-01-14,29,2026-08-22 00:00:00,2026-08-22 00:00:00
839,2069,11,Falgun,2013-02-12,30,2026-08-22 00:00:00,2026-08-22 00:00:00
840,2069,12,Chaitra,2013-03-14,31,2026-08-22 00:00:00,2026-08-22 00:00:00
841,2070,1,Baishak,2013-04-14,31,2026-08-22 00:00:00,2026-08-22 00:00:00
842,2070,2,Jestha,2013-05-15,31,2026-08-22 00:00:00,2026-08-22 00:00:00
843,2070,3,Ashad,2013-06-15,31,2026-08-22 00:00:00,2026-08-22 00:00:00
844,2070,4,Shrawan,2013-07-16,32,2026-08-22 00:00:00,2026-08-22 00:00:00
845,2070,5,Bhadra,2013-08-17,31,2026-08-22 00:00:00,2026-08-22 00:00:00
846,2070,6,Asoj,2013-09-17,31,2026-08-22 00:00:00,2026-08-22 00:00:00
847,2070,7,Kartik,2013-10-18,29,2026-08-22 00:00:00,2026-08-22 00:00:00
848,2070,8,Mangsir,2013-11-16,30,2026-08-22 00:00:00,2026-08-22 00:00:00
849,2070,9,Poush,2013-12-16,30,2026-08-22 00:00:00,2026-08-22 00:00:00
850,2070,10,Magh,2014-01-15,29,2026-08-22 00:00:00,2026-08-22 00:00:00
851,2070,11,Falgun,2014-02-13,30,2026-08-22 00:00:00,2026-08-22 00:00:00
852,2070,12,Chaitra,2014-03-15,30,2026-08-22 00:00:00,2026-08-22 00:00:00
853,2071,1,Baishak,2014-04-14,31,2026-08-22 00:00:00,2026-08-22 00:00:00
854,2071,2,Jestha,2014-05-15,31,2026-08-22 00:00:00,2026-08-22 00:00:00
855,2071,3,Ashad,2014-06-15,32,2026-08-22 00:00:00,2026-08-22 00:00:00
856,2071,4,Shrawan,2014-07-17,31,2026-08-22 00:00:00,2026-08-22 00:00:00
857,2071,5,Bhadra,2014-08-17,31,2026-08-22 00:00:00,2026-08-22 00:00:00
858,2071,6,Asoj,2014-09-17,31,2026-08-22 00:00:00,2026-08-22 00:00:00
859,2071,7,Kartik,2014-10-18,30,2026-08-22 00:00:00,2026-08-22 00:00:00
860,2071,8,Mangsir,2014-11-17,29,2026-08-22 00:00:00,2026-08-22 00:00:00
861,2071,9,Poush,2014-12-16,30,2026-08-22 00:00:00,2026-08-22 00:00:00
862,2071,10,Magh,2015-01-15,29,2026-08-22 00:00:00,2026-08-22 00:00:00
863,2071,11,Falgun,2015-02-13,30,2026-08-22 00:00:00,2026-08-22 00:00:00
864,2071,12,Chaitra,2015-03-15,30,2026-08-22 00:00:00,2026-08-22 00:00:00
865,2072,1,Baishak,2015-04-14,31,2026-08-22 00:00:00,2026-08-22 00:00:00
866,2072,2,Jestha,2015-05-15,32,2026-08-22 00:00:00,2026-08-22 00:00:00
867,2072,3,Ashad,2015-06-16,31,2026-08-22 00:00:00,2026-08-22 00:00:00
868,2072,4,Shrawan,2015-07-17,32,2026-08-22 00:00:00,2026-08-22 00:00:00
869,2072,5,Bhadra,2015-08-18,31,2026-08-22 00:00:00,2026-08-22 00:00:00
870,2072,6,Asoj,2015-09-18,30,2026-08-22 00:00:00,2026-08-22 00:00:00
871,2072,7,Kartik,2015-10-18,30,2026-08-22 00:00:00,2026-08-22 00:00:00
872,2072,8,Mangsir,2015-11-17,29,2026-08-22 00:00:00,2026-08-22 00:00:00
873,2072,9,Poush,2015-12-16,30,2026-08-22 00:00:00,2026-08-22 00:00:00
874,2072,10,Magh,2016-01-15,29,2026-08-22 00:00:00,2026-08-22 00:00:00
875,2072,11,Falgun,2016-02-13,30,2026-08-22 00:00:00,2026-08-22 00:00:00
876,2072,12,Chaitra,2016-03-14,30,2026-08-22 00:00:00,2026-08-22 00:00:00
877,2073,1,Baishak,2016-04-13,31,2026-08-22 00:00:00,2026-08-22 00:00:00
878,2073,2,Jestha,2016-05-14,32,2026-08-22 00:00:00,2026-08-22 00:00:00
879,2073,3,Ashad,2016-06-15,31,2026-08-22 00:00:00,2026-08-22 00:00:00
880,2073,4,Shrawan,2016-07-16,32,2026-08-22 00:00:00,2026-08-22 00:00:00
881,2073,5,Bhadra,2016-08-17,31,2026-08-22 00:00:00,2026-08-22 00:00:00
882,2073,6,Asoj,2016-09-17,30,2026-08-22 00:00:00,2026-08-22 00:00:00
883,2073,7,Kartik,2016-10-17,30,2026-08-22 00:00:00,2026-08-22 00:00:00
884,2073,8,Mangsir,2016-11-16,30,2026-08-22 00:00:00,2026-08-22 00:00:00
885,2073,9,Poush,2016-12-16,29,2026-08-22 00:00:00,2026-08-22 00:00:00
886,2073,10,Magh,2017-01-14,29,2026-08-22 00:00:00,2026-08-22 00:00:00
887,2073,11,Falgun,2017-02-12,30,2026-08-22 00:00:00,2026-08-22 00:00:00
888,2073,12,Chaitra,2017-03-14,31,2026-08-22 00:00:00,2026-08-22 00:00:00
889,2074,1,Baishak,2017-04-14,31,2026-08-22 00:00:00,2026-08-22 00:00:00
890,2074,2,Jestha,2017-05-15,31,2026-08-22 00:00:00,2026-08-22 00:00:00
891,2074,3,Ashad,2017-06-15,31,2026-08-22 00:00:00,2026-08-22 00:00:00
892,2074,4,Shrawan,2017-07-16,32,2026-08-22 00:00:00,2026-08-22 00:00:00
893,2074,5,Bhadra,2017-08-17,31,2026-08-22 00:00:00,2026-08-22 00:00:00
894,2074,6,Asoj,2017-09-17,31,2026-08-22 00:00:00,2026-08-22 00:00:00
895,2074,7,Kartik,2017-10-18,30,2026-08-22 00:00:00,2026-08-22 00:00:00
896,2074,8,Mangsir,2017-11-17,29,2026-08-22 00:00:00,2026-08-22 00:00:00
897,2074,9,Poush,2017-12-16,30,2026-08-22 00:00:00,2026-08-22 00:00:00
898,2074,10,Magh,2018-01-15,29,2026-08-22 00:00:00,2026-08-22 00:00:00
899,2074,11,Falgun,2018-02-13,30,2026-08-22 00:00:00,2026-08-22 00:00:00
900,2074,12,Chaitra,2018-03-15,30,2026-08-22 00:00:00,2026-08-22 00:00:00
901,2075,1,Baishak,2018-04-14,31,2026-08-22 00:00:00,2026-08-22 00:00:00
902,2075,2,Jestha,2018-05-15,31,2026-08-22 00:00:00,2026-08-22 00:00:00
903,2075,3,Ashad,2018-06-15,32,2026-08-22 00:00:00,2026-08-22 00:00:00
904,2075,4,Shrawan,2018-07-17,31,2026-08-22 00:00:00,2026-08-22 00:00:00
905,2075,5,Bhadra,2018-08-17,31,2026-08-22 00:00:00,2026-08-22 00:00:00
906,2075,6,Asoj,2018-09-17,31,2026-08-22 00:00:00,2026-08-22 00:00:00
907,2075,7,Kartik,2018-10-18,30,2026-08-22 00:00:00,2026-08-22 00:00:00
908,2075,8,Mangsir,2018-11-17,29,2026-08-22 00:00:00,2026-08-22 00:00:00
909,2075,9,Poush,2018-12-16,30,2026-08-22 00:00:00,2026-08-22 00:00:00
910,2075,10,Magh,2019-01-15,29,2026-08-22 00:00:00,2026-08-22 00:00:00
911,2075,11,Falgun,2019-02-13,30,2026-08-22 00:00:00,2026-08-22 00:00:00
912,2075,12,Chaitra,2019-03-15,30,2026-08-22 00:00:00,2026-08-22 00:00:00
913,2076,1,Baishak,2019-04-14,31,2026-08-22 00:00:00,2026-08-22 00:00:00
914,2076,2,Jestha,2019-05-15,32,2026-08-22 00:00:00,2026-08-22 00:00:00
915,2076,3,Ashad,2019-06-16,31,2026-08-22 00:00:00,2026-08-22 00:00:00
916,2076,4,Shrawan,2019-07-17,32,2026-08-22 00:00:00,2026-08-22 00:00:00
917,2076,5,Bhadra,2019-08-18,31,2026-08-22 00:00:00,2026-08-22 00:00:00
918,2076,6,Asoj,2019-09-18,30,2026-08-22 00:00:00,2026-08-22 00:00:00
919,2076,7,Kartik,2019-10-18,30,2026-08-22 00:00:00,2026-08-22 00:00:00
920,2076,8,Mangsir,2019-11-17,30,2026-08-22 00:00:00,2026-08-22 00:00:00
921,2076,9,Poush,2019-12-17,29,2026-08-22 00:00:00,2026-08-22 00:00:00
922,2076,10,Magh,2020-01-15,29,2026-08-22 00:00:00,2026-08-22 00:00:00
923,2076,11,Falgun,2020-02-13,30,2026-08-22 00:00:00,2026-08-22 00:00:00
924,2076,12,Chaitra,2020-03-14,30,2026-08-22 00:00:00,2026-08-22 00:00:00
925,2077,1,Baishak,2020-04-13,31,2026-08-22 00:00:00,2026-08-22 00:00:00
926,2077,2,Jestha,2020-05-14,32,2026-08-22 00:00:00,2026-08-22 00:00:00
927,2077,3,Ashad,2020-06-15,31,2026-08-22 00:00:00,2026-08-22 00:00:00
928,2077,4,Shrawan,2020-07-16,32,2026-08-22 00:00:00,2026-08-22 00:00:00
929,2077,5,Bhadra,2020-08-17,31,2026-08-22 00:00:00,2026-08-22 00:00:00
930,2077,6,Asoj,2020-09-17,30,2026-08-22 00:00:00,2026-08-22 00:00:00
931,2077,7,Kartik,2020-10-17,30,2026-08-22 00:00:00,2026-08-22 00:00:00
932,2077,8,Mangsir,2020-11-16,30,2026-08-22 00:00:00,2026-08-22 00:00:00
933,2077,9,Poush,2020-12-16,29,2026-08-22 00:00:00,2026-08-22 00:00:00
934,2077,10,Magh,2021-01-14,30,2026-08-22 00:00:00,2026-08-22 00:00:00
935,2077,11,Falgun,2021-02-13,29,2026-08-22 00:00:00,2026-08-22 00:00:00
936,2077,12,Chaitra,2021-03-14,31,2026-08-22 00:00:00,2026-08-22 00:00:00
937,2078,1,Baishak,2021-04-14,31,2026-08-22 00:00:00,2026-08-22 00:00:00
938,2078,2,Jestha,2021-05-15,31,2026-08-22 00:00:00,2026-08-22 00:00:00
939,2078,3,Ashad,2021-06-15,31,2026-08-22 00:00:00,2026-08-22 00:00:00
940,2078,4,Shrawan,2021-07-16,32,2026-08-22 00:00:00,2026-08-22 00:00:00
941,2078,5,Bhadra,2021-08-17,31,2026-08-22 00:00:00,2026-08-22 00:00:00
942,2078,6,Asoj,2021-09-17,31,2026-08-22 00:00:00,2026-08-22 00:00:00
943,2078,7,Kartik,2021-10-18,30,2026-08-22 00:00:00,2026-08-22 00:00:00
944,2078,8,Mangsir,2021-11-17,29,2026-08-22 00:00:00,2026-08-22 00:00:00
945,2078,9,Poush,2021-12-16,30,2026-08-22 00:00:00,2026-08-22 00:00:00
946,2078,10,Magh,2022-01-15,29,2026-08-22 00:00:00,2026-08-22 00:00:00
947,2078,11,Falgun,2022-02-13,30,2026-08-22 00:00:00,2026-08-22 00:00:00
948,2078,12,Chaitra,2022-03-15,30,2026-08-22 00:00:00,2026-08-22 00:00:00
949,2079,1,Baishak,2022-04-14,31,2026-08-22 00:00:00,2026-08-22 00:00:00
950,2079,2,Jestha,2022-05-15,31,2026-08-22 00:00:00,2026-08-22 00:00:00
951,2079,3,Ashad,2022-06-15,32,2026-08-22 00:00:00,2026-08-22 00:00:00
952,2079,4,Shrawan,2022-07-17,31,2026-08-22 00:00:00,2026-08-22 00:00:00
953,2079,5,Bhadra,2022-08-17,31,2026-08-22 00:00:00,2026-08-22 00:00:00
954,2079,6,Asoj,2022-09-17,31,2026-08-22 00:00:00,2026-08-22 00:00:00
955,2079,7,Kartik,2022-10-18,30,2026-08-22 00:00:00,2026-08-22 00:00:00
956,2079,8,Mangsir,2022-11-17,29,2026-08-22 00:00:00,2026-08-22 00:00:00
957,2079,9,Poush,2022-12-16,30,2026-08-22 00:00:00,2026-08-22 00:00:00
958,2079,10,Magh,2023-01-15,29,2026-08-22 00:00:00,2026-08-22 00:00:00
959,2079,11,Falgun,2023-02-13,30,2026-08-22 00:00:00,2026-08-22 00:00:00
960,2079,12,Chaitra,2023-03-15,30,2026-08-22 00:00:00,2026-08-22 00:00:00
961,2080,1,Baishak,2023-04-14,31,2026-08-22 00:00:00,2026-08-22 00:00:00
962,2080,2,Jestha,2023-05-15,32,2026-08-22 00:00:00,2026-08-22 00:00:00
963,2080,3,Ashad,2023-06-16,31,2026-08-22 00:00:00,2026-08-22 00:00:00
964,2080,4,Shrawan,2023-07-17,32,2026-08-22 00:00:00,2026-08-22 00:00:00
965,2080,5,Bhadra,2023-08-18,31,2026-08-22 00:00:00,2026-08-22 00:00:00
966,2080,6,Asoj,2023-09-18,30,2026-08-22 00:00:00,2026-08-22 00:00:00
967,2080,7,Kartik,2023-10-18,30,2026-08-22 00:00:00,2026-08-22 00:00:00
968,2080,8,Mangsir,2023-11-17,30,2026-08-22 00:00:00,2026-08-22 00:00:00
969,2080,9,Poush,2023-12-17,29,2026-08-22 00:00:00,2026-08-22 00:00:00
970,2080,10,Magh,2024-01-15,29,2026-08-22 00:00:00,2026-08-22 00:00:00
971,2080,11,Falgun,2024-02-13,30,2026-08-22 00:00:00,2026-08-22 00:00:00
972,2080,12,Chaitra,2024-03-14,30,2026-08-22 00:00:00,2026-08-22 00:00:00
973,2081,1,Baishak,2024-04-13,31,2026-08-22 00:00:00,2026-08-22 00:00:00
974,2081,2,Jestha,2024-05-14,32,2026-08-22 00:00:00,2026-08-22 00:00:00
975,2081,3,Ashad,2024-06-15,31,2026-08-22 00:00:00,2026-08-22 00:00:00
976,2081,4,Shrawan,2024-07-16,32,2026-08-22 00:00:00,2026-08-22 00:00:00
977,2081,5,Bhadra,2024-08-17,31,2026-08-22 00:00:00,2026-08-22 00:00:00
978,2081,6,Asoj,2024-09-17,30,2026-08-22 00:00:00,2026-08-22 00:00:00
979,2081,7,Kartik,2024-10-17,30,2026-08-22 00:00:00,2026-08-22 00:00:00
980,2081,8,Mangsir,2024-11-16,30,2026-08-22 00:00:00,2026-08-22 00:00:00
981,2081,9,Poush,2024-12-16,29,2026-08-22 00:00:00,2026-08-22 00:00:00
982,2081,10,Magh,2025-01-14,30,2026-08-22 00:00:00,2026-08-22 00:00:00
983,2081,11,Falgun,2025-02-13,29,2026-08-22 00:00:00,2026-08-22 00:00:00
984,2081,12,Chaitra,2025-03-14,31,2026-08-22 00:00:00,2026-08-22 00:00:00
985,2082,1,Baishak,2025-04-14,31,2026-08-22 00:00:00,2026-08-22 00:00:00
986,2082,2,Jestha,2025-05-15,31,2026-08-22 00:00:00,2026-08-22 00:00:00
987,2082,3,Ashad,2025-06-15,32,2026-08-22 00:00:00,2026-08-22 00:00:00
988,2082,4,Shrawan,2025-07-17,31,2026-08-22 00:00:00,2026-08-22 00:00:00
989,2082,5,Bhadra,2025-08-17,31,2026-08-22 00:00:00,2026-08-22 00:00:00
990,2082,6,Asoj,2025-09-17,31,2026-08-22 00:00:00,2026-08-22 00:00:00
991,2082,7,Kartik,2025-10-18,30,2026-08-22 00:00:00,2026-08-22 00:00:00
992,2082,8,Mangsir,2025-11-17,29,2026-08-22 00:00:00,2026-08-22 00:00:00
993,2082,9,Poush,2025-12-16,30,2026-08-22 00:00:00,2026-08-22 00:00:00
994,2082,10,Magh,2026-01-15,29,2026-08-22 00:00:00,2026-08-22 00:00:00
995,2082,11,Falgun,2026-02-13,30,2026-08-22 00:00:00,2026-08-22 00:00:00
996,2082,12,Chaitra,2026-03-15,30,2026-08-22 00:00:00,2026-08-22 00:00:00
997,2083,1,Baishak,2026-04-14,31,2026-08-22 00:00:00,2026-08-22 00:00:00
998,2083,2,Jestha,2026-05-15,31,2026-08-22 00:00:00,2026-08-22 00:00:00
999,2083,3,Ashad,2026-06-15,32,2026-08-22 00:00:00,2026-08-22 00:00:00
1000,2083,4,Shrawan,2026-07-17,31,2026-08-22 00:00:00,2026-08-22 00:00:00
1001,2083,5,Bhadra,2026-08-17,31,2026-08-22 00:00:00,2026-08-22 00:00:00
1002,2083,6,Asoj,2026-09-17,31,2026-08-22 00:00:00,2026-08-22 00:00:00
1003,2083,7,Kartik,2026-10-18,30,2026-08-22 00:00:00,2026-08-22 00:00:00
1004,2083,8,Mangsir,2026-11-17,29,2026-08-22 00:00:00,2026-08-22 00:00:00
1005,2083,9,Poush,2026-12-16,30,2026-08-22 00:00:00,2026-08-22 00:00:00
1006,2083,10,Magh,2027-01-15,29,2026-08-22 00:00:00,2026-08-22 00:00:00
1007,2083,11,Falgun,2027-02-13,30,2026-08-22 00:00:00,2026-08-22 00:00:00
1008,2083,12,Chaitra,2027-03-15,30,2026-08-22 00:00:00,2026-08-22 00:00:00
1009,2084,1,Baishak,2027-04-14,31,2026-08-22 00:00:00,2026-08-22 00:00:00
1010,2084,2,Jestha,2027-05-15,32,2026-08-22 00:00:00,2026-08-22 00:00:00
1011,2084,3,Ashad,2027-06-16,31,2026-08-22 00:00:00,2026-08-22 00:00:00
1012,2084,4,Shrawan,2027-07-17,32,2026-08-22 00:00:00,2026-08-22 00:00:00
1013,2084,5,Bhadra,2027-08-18,31,2026-08-22 00:00:00,2026-08-22 00:00:00
1014,2084,6,Asoj,2027-09-18,30,2026-08-22 00:00:00,2026-08-22 00:00:00
1015,2084,7,Kartik,2027-10-18,30,2026-08-22 00:00:00,2026-08-22 00:00:00
1016,2084,8,Mangsir,2027-11-17,30,2026-08-22 00:00:00,2026-08-22 00:00:00
1017,2084,9,Poush,2027-12-17,29,2026-08-22 00:00:00,2026-08-22 00:00:00
1018,2084,10,Magh,2028-01-15,29,2026-08-22 00:00:00,2026-08-22 00:00:00
1019,2084,11,Falgun,2028-02-13,30,2026-08-22 00:00:00,2026-08-22 00:00:00
1020,2084,12,Chaitra,2028-03-14,31,2026-08-22 00:00:00,2026-08-22 00:00:00
1021,2085,1,Baishak,2028-04-14,30,2026-08-22 00:00:00,2026-08-22 00:00:00
1022,2085,2,Jestha,2028-05-14,32,2026-08-22 00:00:00,2026-08-22 00:00:00
1023,2085,3,Ashad,2028-06-15,31,2026-08-22 00:00:00,2026-08-22 00:00:00
1024,2085,4,Shrawan,2028-07-16,32,2026-08-22 00:00:00,2026-08-22 00:00:00
1025,2085,5,Bhadra,2028-08-17,31,2026-08-22 00:00:00,2026-08-22 00:00:00
1026,2085,6,Asoj,2028-09-17,30,2026-08-22 00:00:00,2026-08-22 00:00:00
1027,2085,7,Kartik,2028-10-17,30,2026-08-22 00:00:00,2026-08-22 00:00:00
1028,2085,8,Mangsir,2028-11-16,30,2026-08-22 00:00:00,2026-08-22 00:00:00
1029,2085,9,Poush,2028-12-16,29,2026-08-22 00:00:00,2026-08-22 00:00:00
1030,2085,10,Magh,2029-01-14,30,2026-08-22 00:00:00,2026-08-22 00:00:00
1031,2085,11,Falgun,2029-02-13,29,2026-08-22 00:00:00,2026-08-22 00:00:00
1032,2085,12,Chaitra,2029-03-14,31,2026-08-22 00:00:00,2026-08-22 00:00:00
1033,2086,1,Baishak,2029-04-14,31,2026-08-22 00:00:00,2026-08-22 00:00:00
1034,2086,2,Jestha,2029-05-15,31,2026-08-22 00:00:00,2026-08-22 00:00:00
1035,2086,3,Ashad,2029-06-15,32,2026-08-22 00:00:00,2026-08-22 00:00:00
1036,2086,4,Shrawan,2029-07-17,31,2026-08-22 00:00:00,2026-08-22 00:00:00
1037,2086,5,Bhadra,2029-08-17,31,2026-08-22 00:00:00,2026-08-22 00:00:00
1038,2086,6,Asoj,2029-09-17,31,2026-08-22 00:00:00,2026-08-22 00:00:00
1039,2086,7,Kartik,2029-10-18,30,2026-08-22 00:00:00,2026-08-22 00:00:00
1040,2086,8,Mangsir,2029-11-17,29,2026-08-22 00:00:00,2026-08-22 00:00:00
1041,2086,9,Poush,2029-12-16,30,2026-08-22 00:00:00,2026-08-22 00:00:00
1042,2086,10,Magh,2030-01-15,29,2026-08-22 00:00:00,2026-08-22 00:00:00
1043,2086,11,Falgun,2030-02-13,30,2026-08-22 00:00:00,2026-08-22 00:00:00
1044,2086,12,Chaitra,2030-03-15,30,2026-08-22 00:00:00,2026-08-22 00:00:00
1045,2087,1,Baishak,2030-04-14,31,2026-08-22 00:00:00,2026-08-22 00:00:00
1046,2087,2,Jestha,2030-05-15,31,2026-08-22 00:00:00,2026-08-22 00:00:00
1047,2087,3,Ashad,2030-06-15,32,2026-08-22 00:00:00,2026-08-22 00:00:00
1048,2087,4,Shrawan,2030-07-17,31,2026-08-22 00:00:00,2026-08-22 00:00:00
1049,2087,5,Bhadra,2030-08-17,31,2026-08-22 00:00:00,2026-08-22 00:00:00
1050,2087,6,Asoj,2030-09-17,31,2026-08-22 00:00:00,2026-08-22 00:00:00
1051,2087,7,Kartik,2030-10-18,30,2026-08-22 00:00:00,2026-08-22 00:00:00
1052,2087,8,Mangsir,2030-11-17,30,2026-08-22 00:00:00,2026-08-22 00:00:00
1053,2087,9,Poush,2030-12-17,29,2026-08-22 00:00:00,2026-08-22 00:00:00
1054,2087,10,Magh,2031-01-15,30,2026-08-22 00:00:00,2026-08-22 00:00:00
1055,2087,11,Falgun,2031-02-14,30,2026-08-22 00:00:00,2026-08-22 00:00:00
1056,2087,12,Chaitra,2031-03-16,30,2026-08-22 00:00:00,2026-08-22 00:00:00
1057,2088,1,Baishak,2031-04-15,30,2026-08-22 00:00:00,2026-08-22 00:00:00
1058,2088,2,Jestha,2031-05-15,31,2026-08-22 00:00:00,2026-08-22 00:00:00
1059,2088,3,Ashad,2031-06-15,32,2026-08-22 00:00:00,2026-08-22 00:00:00
1060,2088,4,Shrawan,2031-07-17,32,2026-08-22 00:00:00,2026-08-22 00:00:00
1061,2088,5,Bhadra,2031-08-18,30,2026-08-22 00:00:00,2026-08-22 00:00:00
1062,2088,6,Asoj,2031-09-17,31,2026-08-22 00:00:00,2026-08-22 00:00:00
1063,2088,7,Kartik,2031-10-18,30,2026-08-22 00:00:00,2026-08-22 00:00:00
1064,2088,8,Mangsir,2031-11-17,30,2026-08-22 00:00:00,2026-08-22 00:00:00
1065,2088,9,Poush,2031-12-17,29,2026-08-22 00:00:00,2026-08-22 00:00:00
1066,2088,10,Magh,2032-01-15,30,2026-08-22 00:00:00,2026-08-22 00:00:00
1067,2088,11,Falgun,2032-02-14,30,2026-08-22 00:00:00,2026-08-22 00:00:00
1068,2088,12,Chaitra,2032-03-15,30,2026-08-22 00:00:00,2026-08-22 00:00:00
1069,2089,1,Baishak,2032-04-14,30,2026-08-22 00:00:00,2026-08-22 00:00:00
1070,2089,2,Jestha,2032-05-14,32,2026-08-22 00:00:00,2026-08-22 00:00:00
1071,2089,3,Ashad,2032-06-15,31,2026-08-22 00:00:00,2026-08-22 00:00:00
1072,2089,4,Shrawan,2032-07-16,32,2026-08-22 00:00:00,2026-08-22 00:00:00
1073,2089,5,Bhadra,2032-08-17,31,2026-08-22 00:00:00,2026-08-22 00:00:00
1074,2089,6,Asoj,2032-09-17,30,2026-08-22 00:00:00,2026-08-22 00:00:00
1075,2089,7,Kartik,2032-10-17,30,2026-08-22 00:00:00,2026-08-22 00:00:00
1076,2089,8,Mangsir,2032-11-16,30,2026-08-22 00:00:00,2026-08-22 00:00:00
1077,2089,9,Poush,2032-12-16,29,2026-08-22 00:00:00,2026-08-22 00:00:00
1078,2089,10,Magh,2033-01-14,30,2026-08-22 00:00:00,2026-08-22 00:00:00
1079,2089,11,Falgun,2033-02-13,30,2026-08-22 00:00:00,2026-08-22 00:00:00
1080,2089,12,Chaitra,2033-03-15,30,2026-08-22 00:00:00,2026-08-22 00:00:00
1081,2090,1,Baishak,2033-04-14,30,2026-08-22 00:00:00,2026-08-22 00:00:00
1082,2090,2,Jestha,2033-05-14,32,2026-08-22 00:00:00,2026-08-22 00:00:00
1083,2090,3,Ashad,2033-06-15,31,2026-08-22 00:00:00,2026-08-22 00:00:00
1084,2090,4,Shrawan,2033-07-16,32,2026-08-22 00:00:00,2026-08-22 00:00:00
1085,2090,5,Bhadra,2033-08-17,31,2026-08-22 00:00:00,2026-08-22 00:00:00
1086,2090,6,Asoj,2033-09-17,30,2026-08-22 00:00:00,2026-08-22 00:00:00
1087,2090,7,Kartik,2033-10-17,30,2026-08-22 00:00:00,2026-08-22 00:00:00
1088,2090,8,Mangsir,2033-11-16,30,2026-08-22 00:00:00,2026-08-22 00:00:00
1089,2090,9,Poush,2033-12-16,29,2026-08-22 00:00:00,2026-08-22 00:00:00
1090,2090,10,Magh,2034-01-14,30,2026-08-22 00:00:00,2026-08-22 00:00:00
1091,2090,11,Falgun,2034-02-13,30,2026-08-22 00:00:00,2026-08-22 00:00:00
1092,2090,12,Chaitra,2034-03-15,30,2026-08-22 00:00:00,2026-08-22 00:00:00
