id,name,district_id,created_at,updated_at
1,Pokhara Metropolitan City,1,2025-07-12 12:19:48.821925,2025-07-12 12:19:48.821925
2,Annapurna Rural Municipality,1,2025-07-12 12:20:26.601314,2025-07-12 12:20:26.601314
3,Machhapuchchhre Rural Municipality,1,2025-07-12 12:20:47.863198,2025-07-12 12:20:47.863198
4,Madi Rural Municipality,1,2025-07-12 12:21:03.850475,2025-07-12 12:21:03.850475
5,Rupa Rural Municipality,1,2025-07-12 12:21:23.096727,2025-07-12 12:21:23.096727
6,Kathmandu Metropolitan City,12,2025-08-04 09:55:15.761485,2025-08-04 10:01:54.69021
7,Budhanilkantha Municipality,12,2025-08-04 09:55:15.761485,2025-08-04 10:01:54.69021
8,Chandragiri Municipality,12,2025-08-04 09:55:15.761485,2025-08-04 10:01:54.69021
9,Dakshinkali Municipality,12,2025-08-04 09:55:15.761485,2025-08-04 10:01:54.69021
10,Gokarneshwor Municipality,12,2025-08-04 09:55:15.761485,2025-08-04 10:01:54.69021
11,Kageshwori-Manohara Municipality,12,2025-08-04 09:55:15.761485,2025-08-04 10:01:54.69021
12,Kirtipur Municipality,12,2025-08-04 09:55:15.761485,2025-08-04 10:01:54.69021
13,Nagarjun Municipality,12,2025-08-04 09:55:15.761485,2025-08-04 10:01:54.69021
14,Shankharapur Municipality,12,2025-08-04 09:55:15.761485,2025-08-04 10:01:54.69021
15,Tarakeshwar Municipality,12,2025-08-04 09:55:15.761485,2025-08-04 10:01:54.69021
16,Tokha Municipality,12,2025-08-04 09:55:15.761485,2025-08-04 10:01:54.69021
18,Gorkha Municipality,2,2025-08-16 18:50:13.937799,2025-08-16 18:50:13.937799
19,Palungtar Municipality,2,2025-08-16 18:50:13.937799,2025-08-16 18:50:13.937799
20,Aarughat Rural Municipality,2,2025-08-16 18:50:13.937799,2025-08-16 18:50:13.937799
21,Ajirkot Rural Municipality,2,2025-08-16 18:50:13.937799,2025-08-16 18:50:13.937799
22,Barpak Sulikot Rural Municipality,2,2025-08-16 18:50:13.937799,2025-08-16 18:50:13.937799
23,Bhimsen Thapa Rural Municipality,2,2025-08-16 18:50:13.937799,2025-08-16 18:50:13.937799
24,Chum Nubri Rural Municipality,2,2025-08-16 18:50:13.937799,2025-08-16 18:50:13.937799
25,Dharche Rural Municipality,2,2025-08-16 18:50:13.937799,2025-08-16 18:50:13.937799
26,Gandaki Rural Municipality,2,2025-08-16 18:50:13.937799,2025-08-16 18:50:13.937799
27,Shahid Lakhan Rural Municipality,2,2025-08-16 18:50:13.937799,2025-08-16 18:50:13.937799
28,Siranchok Rural Municipality,2,2025-08-16 18:50:13.937799,2025-08-16 18:50:13.937799
29,Besisahar Municipality,3,2025-08-16 18:50:13.937799,2025-08-16 18:50:13.937799
30,Madhyanepal Municipality,3,2025-08-16 18:50:13.937799,2025-08-16 18:50:13.937799
31,Rainas Municipality,3,2025-08-16 18:50:13.937799,2025-08-16 18:50:13.937799
32,Sundarbazar Municipality,3,2025-08-16 18:50:13.937799,2025-08-16 18:50:13.937799
33,Dordi Rural Municipality,3,2025-08-16 18:50:13.937799,2025-08-16 18:50:13.937799
34,Dudhpokhari Rural Municipality,3,2025-08-16 18:50:13.937799,2025-08-16 18:50:13.937799
35,Kwholasothar Rural Municipality,3,2025-08-16 18:50:13.937799,2025-08-16 18:50:13.937799
36,Marsyangdi Rural Municipality,3,2025-08-16 18:50:13.937799,2025-08-16 18:50:13.937799
37,Byas Municipality,6,2025-08-16 18:50:13.937799,2025-08-16 18:50:13.937799
38,Bhanu Municipality,6,2025-08-16 18:50:13.937799,2025-08-16 18:50:13.937799
39,Bhimad Municipality,6,2025-08-16 18:50:13.937799,2025-08-16 18:50:13.937799
40,Shuklagandaki Municipality,6,2025-08-16 18:50:13.937799,2025-08-16 18:50:13.937799
41,Anbukhaireni Rural Municipality,6,2025-08-16 18:50:13.937799,2025-08-16 18:50:13.937799
42,Bandipur Rural Municipality,6,2025-08-16 18:50:13.937799,2025-08-16 18:50:13.937799
43,Devghat Rural Municipality,6,2025-08-16 18:50:13.937799,2025-08-16 18:50:13.937799
44,Ghiring Rural Municipality,6,2025-08-16 18:50:13.937799,2025-08-16 18:50:13.937799
45,Myagde Rural Municipality,6,2025-08-16 18:50:13.937799,2025-08-16 18:50:13.937799
46,Rishing Rural Municipality,6,2025-08-16 18:50:13.937799,2025-08-16 18:50:13.937799
47,Putalibazar Municipality,4,2025-08-16 18:50:13.937799,2025-08-16 18:50:13.937799
48,Waling Municipality,4,2025-08-16 18:50:13.937799,2025-08-16 18:50:13.937799
49,Chapakot Municipality,4,2025-08-16 18:50:13.937799,2025-08-16 18:50:13.937799
50,Bhirkot Municipality,4,2025-08-16 18:50:13.937799,2025-08-16 18:50:13.937799
51,Galyang Municipality,4,2025-08-16 18:50:13.937799,2025-08-16 18:50:13.937799
52,Arjun Chaupari Rural Municipality,4,2025-08-16 18:50:13.937799,2025-08-16 18:50:13.937799
53,Aandhikhola Rural Municipality,4,2025-08-16 18:50:13.937799,2025-08-16 18:50:13.937799
54,Bheerkot Rural Municipality,4,2025-08-16 18:50:13.937799,2025-08-16 18:50:13.937799
55,Biruwa Rural Municipality,4,2025-08-16 18:50:13.937799,2025-08-16 18:50:13.937799
56,Harinas Rural Municipality,4,2025-08-16 18:50:13.937799,2025-08-16 18:50:13.937799
57,Kaligandaki Rural Municipality,4,2025-08-16 18:50:13.937799,2025-08-16 18:50:13.937799
58,Chame Rural Municipality,5,2025-08-16 18:50:13.937799,2025-08-16 18:50:13.937799
59,Manang Ngisyang Rural Municipality,5,2025-08-16 18:50:13.937799,2025-08-16 18:50:13.937799
60,Narpa Bhumi Rural Municipality,5,2025-08-16 18:50:13.937799,2025-08-16 18:50:13.937799
61,Nason Rural Municipality,5,2025-08-16 18:50:13.937799,2025-08-16 18:50:13.937799
62,Baragung Muktichhetra Rural Municipality,7,2025-08-16 18:50:13.937799,2025-08-16 18:50:13.937799
63,Gharapjhong Rural Municipality,7,2025-08-16 18:50:13.937799,2025-08-16 18:50:13.937799
64,Lo-Ghekar Damodarkunda Rural Municipality,7,2025-08-16 18:50:13.937799,2025-08-16 18:50:13.937799
65,Lomanthang Rural Municipality,7,2025-08-16 18:50:13.937799,2025-08-16 18:50:13.937799
66,Thasang Rural Municipality,7,2025-08-16 18:50:13.937799,2025-08-16 18:50:13.937799
67,Kushma Municipality,8,2025-08-16 18:50:13.937799,2025-08-16 18:50:13.937799
68,Phalebas Municipality,8,2025-08-16 18:50:13.937799,2025-08-16 18:50:13.937799
69,Bihadi Rural Municipality,8,2025-08-16 18:50:13.937799,2025-08-16 18:50:13.937799
70,Jaljala Rural Municipality,8,2025-08-16 18:50:13.937799,2025-08-16 18:50:13.937799
71,Mahashila Rural Municipality,8,2025-08-16 18:50:13.937799,2025-08-16 18:50:13.937799
72,Modi Rural Municipality,8,2025-08-16 18:50:13.937799,2025-08-16 18:50:13.937799
73,Painyu Rural Municipality,8,2025-08-16 18:50:13.937799,2025-08-16 18:50:13.937799
74,Beni Municipality,9,2025-08-16 18:50:13.937799,2025-08-16 18:50:13.937799
75,Annapurna Rural Municipality,9,2025-08-16 18:50:13.937799,2025-08-16 18:50:13.937799
76,Dhaulagiri Rural Municipality,9,2025-08-16 18:50:13.937799,2025-08-16 18:50:13.937799
77,Malika Rural Municipality,9,2025-08-16 18:50:13.937799,2025-08-16 18:50:13.937799
78,Mangala Rural Municipality,9,2025-08-16 18:50:13.937799,2025-08-16 18:50:13.937799
79,Raghuganga Rural Municipality,9,2025-08-16 18:50:13.937799,2025-08-16 18:50:13.937799
80,Baglung Municipality,10,2025-08-16 18:50:13.937799,2025-08-16 18:50:13.937799
81,Dhorpatan Municipality,10,2025-08-16 18:50:13.937799,2025-08-16 18:50:13.937799
82,Galkot Municipality,10,2025-08-16 18:50:13.937799,2025-08-16 18:50:13.937799
83,Jaimini Municipality,10,2025-08-16 18:50:13.937799,2025-08-16 18:50:13.937799
84,Bareng Rural Municipality,10,2025-08-16 18:50:13.937799,2025-08-16 18:50:13.937799
85,Badigad Rural Municipality,10,2025-08-16 18:50:13.937799,2025-08-16 18:50:13.937799
86,Kathekhola Rural Municipality,10,2025-08-16 18:50:13.937799,2025-08-16 18:50:13.937799
87,Nisi Khola Rural Municipality,10,2025-08-16 18:50:13.937799,2025-08-16 18:50:13.937799
88,Taman Khola Rural Municipality,10,2025-08-16 18:50:13.937799,2025-08-16 18:50:13.937799
89,Tara Khola Rural Municipality,10,2025-08-16 18:50:13.937799,2025-08-16 18:50:13.937799
90,Kawasoti Municipality,11,2025-08-16 18:50:13.937799,2025-08-16 18:50:13.937799
91,Devchuli Municipality,11,2025-08-16 18:50:13.937799,2025-08-16 18:50:13.937799
92,Gaindakot Municipality,11,2025-08-16 18:50:13.937799,2025-08-16 18:50:13.937799
93,Madhyabindu Municipality,11,2025-08-16 18:50:13.937799,2025-08-16 18:50:13.937799
94,Baudikali Rural Municipality,11,2025-08-16 18:50:13.937799,2025-08-16 18:50:13.937799
95,Bulingtar Rural Municipality,11,2025-08-16 18:50:13.937799,2025-08-16 18:50:13.937799
96,Binayi Triveni Rural Municipality,11,2025-08-16 18:50:13.937799,2025-08-16 18:50:13.937799
97,Hupsekot Rural Municipality,11,2025-08-16 18:50:13.937799,2025-08-16 18:50:13.937799
98,Lalitpur Metropolitan City,13,2025-08-16 18:50:13.937799,2025-08-16 18:50:13.937799
99,Godawari Municipality,13,2025-08-16 18:50:13.937799,2025-08-16 18:50:13.937799
100,Mahalaxmi Municipality,13,2025-08-16 18:50:13.937799,2025-08-16 18:50:13.937799
101,Bagmati Rural Municipality,13,2025-08-16 18:50:13.937799,2025-08-16 18:50:13.937799
102,Konjyosom Rural Municipality,13,2025-08-16 18:50:13.937799,2025-08-16 18:50:13.937799
103,Mahankal Rural Municipality,13,2025-08-16 18:50:13.937799,2025-08-16 18:50:13.937799
104,Bhaktapur Municipality,14,2025-08-16 18:50:13.937799,2025-08-16 18:50:13.937799
105,Changunarayan Municipality,14,2025-08-16 18:50:13.937799,2025-08-16 18:50:13.937799
106,Madhyapur Thimi Municipality,14,2025-08-16 18:50:13.937799,2025-08-16 18:50:13.937799
107,Suryabinayak Municipality,14,2025-08-16 18:50:13.937799,2025-08-16 18:50:13.937799
108,Bharatpur Metropolitan City,15,2025-08-16 18:50:13.937799,2025-08-16 18:50:13.937799
109,Kalika Municipality,15,2025-08-16 18:50:13.937799,2025-08-16 18:50:13.937799
110,Khairahani Municipality,15,2025-08-16 18:50:13.937799,2025-08-16 18:50:13.937799
111,Madi Municipality,15,2025-08-16 18:50:13.937799,2025-08-16 18:50:13.937799
112,Rapti Municipality,15,2025-08-16 18:50:13.937799,2025-08-16 18:50:13.937799
113,Ratnanagar Municipality,15,2025-08-16 18:50:13.937799,2025-08-16 18:50:13.937799
114,Ichchhakamana Rural Municipality,15,2025-08-16 18:50:13.937799,2025-08-16 18:50:13.937799
115,Uttargaya Rural Municipality,16,2025-08-16 18:50:13.937799,2025-08-16 18:50:13.937799
116,Naukunda Rural Municipality,16,2025-08-16 18:50:13.937799,2025-08-16 18:50:13.937799
117,Parbati Kunda Rural Municipality,16,2025-08-16 18:50:13.937799,2025-08-16 18:50:13.937799
118,Gosaikunda Rural Municipality,16,2025-08-16 18:50:13.937799,2025-08-16 18:50:13.937799
119,Kalika Rural Municipality,16,2025-08-16 18:50:13.937799,2025-08-16 18:50:13.937799
120,Manthali Municipality,17,2025-08-16 18:50:13.937799,2025-08-16 18:50:13.937799
121,Ramechhap Municipality,17,2025-08-16 18:50:13.937799,2025-08-16 18:50:13.937799
122,Doramba Rural Municipality,17,2025-08-16 18:50:13.937799,2025-08-16 18:50:13.937799
123,Gokulganga Rural Municipality,17,2025-08-16 18:50:13.937799,2025-08-16 18:50:13.937799
124,Khandadevi Rural Municipality,17,2025-08-16 18:50:13.937799,2025-08-16 18:50:13.937799
125,Likhu Tamakoshi Rural Municipality,17,2025-08-16 18:50:13.937799,2025-08-16 18:50:13.937799
126,Sunapati Rural Municipality,17,2025-08-16 18:50:13.937799,2025-08-16 18:50:13.937799
127,Umakunda Rural Municipality,17,2025-08-16 18:50:13.937799,2025-08-16 18:50:13.937799
128,Dhulikhel Municipality,18,2025-08-16 18:50:13.937799,2025-08-16 18:50:13.937799
129,Banepa Municipality,18,2025-08-16 18:50:13.937799,2025-08-16 18:50:13.937799
130,Panauti Municipality,18,2025-08-16 18:50:13.937799,2025-08-16 18:50:13.937799
131,Panchkhal Municipality,18,2025-08-16 18:50:13.937799,2025-08-16 18:50:13.937799
132,Namobuddha Municipality,18,2025-08-16 18:50:13.937799,2025-08-16 18:50:13.937799
133,Mandan Deupur Municipality,18,2025-08-16 18:50:13.937799,2025-08-16 18:50:13.937799
134,Bethanchok Rural Municipality,18,2025-08-16 18:50:13.937799,2025-08-16 18:50:13.937799
135,Bhumlu Rural Municipality,18,2025-08-16 18:50:13.937799,2025-08-16 18:50:13.937799
136,Chauri Deurali Rural Municipality,18,2025-08-16 18:50:13.937799,2025-08-16 18:50:13.937799
137,Khanikhola Rural Municipality,18,2025-08-16 18:50:13.937799,2025-08-16 18:50:13.937799
138,Mahabharat Rural Municipality,18,2025-08-16 18:50:13.937799,2025-08-16 18:50:13.937799
139,Roshi Rural Municipality,18,2025-08-16 18:50:13.937799,2025-08-16 18:50:13.937799
140,Temal Rural Municipality,18,2025-08-16 18:50:13.937799,2025-08-16 18:50:13.937799
141,Hetauda Sub-Metropolitan City,19,2025-08-16 18:50:13.937799,2025-08-16 18:50:13.937799
142,Thaha Municipality,19,2025-08-16 18:50:13.937799,2025-08-16 18:50:13.937799
143,Bagmati Rural Municipality,19,2025-08-16 18:50:13.937799,2025-08-16 18:50:13.937799
144,Bakaiya Rural Municipality,19,2025-08-16 18:50:13.937799,2025-08-16 18:50:13.937799
145,Bhimphedi Rural Municipality,19,2025-08-16 18:50:13.937799,2025-08-16 18:50:13.937799
146,Indrasarowar Rural Municipality,19,2025-08-16 18:50:13.937799,2025-08-16 18:50:13.937799
147,Kailash Rural Municipality,19,2025-08-16 18:50:13.937799,2025-08-16 18:50:13.937799
148,Makawanpurgadhi Rural Municipality,19,2025-08-16 18:50:13.937799,2025-08-16 18:50:13.937799
149,Manahari Rural Municipality,19,2025-08-16 18:50:13.937799,2025-08-16 18:50:13.937799
150,Raksirang Rural Municipality,19,2025-08-16 18:50:13.937799,2025-08-16 18:50:13.937799
151,Dhunibeshi Municipality,20,2025-08-16 18:50:13.937799,2025-08-16 18:50:13.937799
152,Nilkantha Municipality,20,2025-08-16 18:50:13.937799,2025-08-16 18:50:13.937799
153,Benighat Rorang Rural Municipality,20,2025-08-16 18:50:13.937799,2025-08-16 18:50:13.937799
154,Gajuri Rural Municipality,20,2025-08-16 18:50:13.937799,2025-08-16 18:50:13.937799
155,Galchhi Rural Municipality,20,2025-08-16 18:50:13.937799,2025-08-16 18:50:13.937799
156,Ganga Jamuna Rural Municipality,20,2025-08-16 18:50:13.937799,2025-08-16 18:50:13.937799
157,Jwalamukhi Rural Municipality,20,2025-08-16 18:50:13.937799,2025-08-16 18:50:13.937799
158,Khaniyabas Rural Municipality,20,2025-08-16 18:50:13.937799,2025-08-16 18:50:13.937799
159,Netrawati Dabjong Rural Municipality,20,2025-08-16 18:50:13.937799,2025-08-16 18:50:13.937799
160,Rubi Valley Rural Municipality,20,2025-08-16 18:50:13.937799,2025-08-16 18:50:13.937799
161,Siddhalek Rural Municipality,20,2025-08-16 18:50:13.937799,2025-08-16 18:50:13.937799
162,Thakre Rural Municipality,20,2025-08-16 18:50:13.937799,2025-08-16 18:50:13.937799
163,Tripurasundari Rural Municipality,20,2025-08-16 18:50:13.937799,2025-08-16 18:50:13.937799
164,Bidur Municipality,21,2025-08-16 18:50:13.937799,2025-08-16 18:50:13.937799
165,Belkotgadhi Municipality,21,2025-08-16 18:50:13.937799,2025-08-16 18:50:13.937799
166,Dupcheshwor Rural Municipality,21,2025-08-16 18:50:13.937799,2025-08-16 18:50:13.937799
167,Kakani Rural Municipality,21,2025-08-16 18:50:13.937799,2025-08-16 18:50:13.937799
168,Kispang Rural Municipality,21,2025-08-16 18:50:13.937799,2025-08-16 18:50:13.937799
169,Likhu Rural Municipality,21,2025-08-16 18:50:13.937799,2025-08-16 18:50:13.937799
170,Meghang Rural Municipality,21,2025-08-16 18:50:13.937799,2025-08-16 18:50:13.937799
171,Panchakanya Rural Municipality,21,2025-08-16 18:50:13.937799,2025-08-16 18:50:13.937799
172,Shivapuri Rural Municipality,21,2025-08-16 18:50:13.937799,2025-08-16 18:50:13.937799
173,Suryagadhi Rural Municipality,21,2025-08-16 18:50:13.937799,2025-08-16 18:50:13.937799
174,Tadi Rural Municipality,21,2025-08-16 18:50:13.937799,2025-08-16 18:50:13.937799
175,Tarakeshwor Rural Municipality,21,2025-08-16 18:50:13.937799,2025-08-16 18:50:13.937799
176,Chautara Sangachokgadhi Municipality,22,2025-08-16 18:50:13.937799,2025-08-16 18:50:13.937799
177,Barhabise Municipality,22,2025-08-16 18:50:13.937799,2025-08-16 18:50:13.937799
178,Melamchi Municipality,22,2025-08-16 18:50:13.937799,2025-08-16 18:50:13.937799
179,Balefi Rural Municipality,22,2025-08-16 18:50:13.937799,2025-08-16 18:50:13.937799
180,Bhotekoshi Rural Municipality,22,2025-08-16 18:50:13.937799,2025-08-16 18:50:13.937799
181,Helambu Rural Municipality,22,2025-08-16 18:50:13.937799,2025-08-16 18:50:13.937799
182,Indrawati Rural Municipality,22,2025-08-16 18:50:13.937799,2025-08-16 18:50:13.937799
183,Jugal Rural Municipality,22,2025-08-16 18:50:13.937799,2025-08-16 18:50:13.937799
184,Lisankhu Pakhar Rural Municipality,22,2025-08-16 18:50:13.937799,2025-08-16 18:50:13.937799
185,Panchpokhari Thangpal Rural Municipality,22,2025-08-16 18:50:13.937799,2025-08-16 18:50:13.937799
186,Sunkoshi Rural Municipality,22,2025-08-16 18:50:13.937799,2025-08-16 18:50:13.937799
187,Tripurasundari Rural Municipality,22,2025-08-16 18:50:13.937799,2025-08-16 18:50:13.937799
188,Bhimeshwor Municipality,23,2025-08-16 18:50:13.937799,2025-08-16 18:50:13.937799
189,Jiri Municipality,23,2025-08-16 18:50:13.937799,2025-08-16 18:50:13.937799
190,Baiteshwor Rural Municipality,23,2025-08-16 18:50:13.937799,2025-08-16 18:50:13.937799
191,Bigu Rural Municipality,23,2025-08-16 18:50:13.937799,2025-08-16 18:50:13.937799
192,Gaurishankar Rural Municipality,23,2025-08-16 18:50:13.937799,2025-08-16 18:50:13.937799
193,Kalinchok Rural Municipality,23,2025-08-16 18:50:13.937799,2025-08-16 18:50:13.937799
194,Melung Rural Municipality,23,2025-08-16 18:50:13.937799,2025-08-16 18:50:13.937799
195,Sailung Rural Municipality,23,2025-08-16 18:50:13.937799,2025-08-16 18:50:13.937799
196,Tamakoshi Rural Municipality,23,2025-08-16 18:50:13.937799,2025-08-16 18:50:13.937799
197,Kamalamai Municipality,24,2025-08-16 18:50:13.937799,2025-08-16 18:50:13.937799
198,Dudhauli Municipality,24,2025-08-16 18:50:13.937799,2025-08-16 18:50:13.937799
199,Golanjor Rural Municipality,24,2025-08-16 18:50:13.937799,2025-08-16 18:50:13.937799
200,Ghyanglekh Rural Municipality,24,2025-08-16 18:50:13.937799,2025-08-16 18:50:13.937799
201,Hariharpurgadhi Rural Municipality,24,2025-08-16 18:50:13.937799,2025-08-16 18:50:13.937799
202,Marin Rural Municipality,24,2025-08-16 18:50:13.937799,2025-08-16 18:50:13.937799
203,Phikkal Rural Municipality,24,2025-08-16 18:50:13.937799,2025-08-16 18:50:13.937799
204,Sunkoshi Rural Municipality,24,2025-08-16 18:50:13.937799,2025-08-16 18:50:13.937799
205,Tinpatan Rural Municipality,24,2025-08-16 18:50:13.937799,2025-08-16 18:50:13.937799
206,Mechinagar Municipality,25,2025-08-16 18:50:13.937799,2025-08-16 18:50:13.937799
207,Damak Municipality,25,2025-08-16 18:50:13.937799,2025-08-16 18:50:13.937799
208,Birtamod Municipality,25,2025-08-16 18:50:13.937799,2025-08-16 18:50:13.937799
209,Arjundhara Municipality,25,2025-08-16 18:50:13.937799,2025-08-16 18:50:13.937799
210,Shivasatakshi Municipality,25,2025-08-16 18:50:13.937799,2025-08-16 18:50:13.937799
211,Gauradaha Municipality,25,2025-08-16 18:50:13.937799,2025-08-16 18:50:13.937799
212,Bhadrapur Municipality,25,2025-08-16 18:50:13.937799,2025-08-16 18:50:13.937799
213,Kankai Municipality,25,2025-08-16 18:50:13.937799,2025-08-16 18:50:13.937799
214,Kamal Rural Municipality,25,2025-08-16 18:50:13.937799,2025-08-16 18:50:13.937799
215,Barhadashi Rural Municipality,25,2025-08-16 18:50:13.937799,2025-08-16 18:50:13.937799
216,Jhapa Rural Municipality,25,2025-08-16 18:50:13.937799,2025-08-16 18:50:13.937799
217,Haldibari Rural Municipality,25,2025-08-16 18:50:13.937799,2025-08-16 18:50:13.937799
218,Buddhashanti Rural Municipality,25,2025-08-16 18:50:13.937799,2025-08-16 18:50:13.937799
219,Kachankawal Rural Municipality,25,2025-08-16 18:50:13.937799,2025-08-16 18:50:13.937799
220,Gaurigunj Rural Municipality,25,2025-08-16 18:50:13.937799,2025-08-16 18:50:13.937799
221,Ilam Municipality,26,2025-08-16 18:50:13.937799,2025-08-16 18:50:13.937799
222,Deumai Municipality,26,2025-08-16 18:50:13.937799,2025-08-16 18:50:13.937799
223,Mai Municipality,26,2025-08-16 18:50:13.937799,2025-08-16 18:50:13.937799
224,Suryodaya Municipality,26,2025-08-16 18:50:13.937799,2025-08-16 18:50:13.937799
225,Chulachuli Rural Municipality,26,2025-08-16 18:50:13.937799,2025-08-16 18:50:13.937799
226,Phakphokthum Rural Municipality,26,2025-08-16 18:50:13.937799,2025-08-16 18:50:13.937799
227,Mai Jogmai Rural Municipality,26,2025-08-16 18:50:13.937799,2025-08-16 18:50:13.937799
228,Mangsebung Rural Municipality,26,2025-08-16 18:50:13.937799,2025-08-16 18:50:13.937799
229,Rong Rural Municipality,26,2025-08-16 18:50:13.937799,2025-08-16 18:50:13.937799
230,Sandakpur Rural Municipality,26,2025-08-16 18:50:13.937799,2025-08-16 18:50:13.937799
231,Phidim Municipality,27,2025-08-16 18:50:13.937799,2025-08-16 18:50:13.937799
232,Phalgunanda Rural Municipality,27,2025-08-16 18:50:13.937799,2025-08-16 18:50:13.937799
233,Hilihang Rural Municipality,27,2025-08-16 18:50:13.937799,2025-08-16 18:50:13.937799
234,Kummayak Rural Municipality,27,2025-08-16 18:50:13.937799,2025-08-16 18:50:13.937799
235,Miklajung Rural Municipality,27,2025-08-16 18:50:13.937799,2025-08-16 18:50:13.937799
236,Phalelung Rural Municipality,27,2025-08-16 18:50:13.937799,2025-08-16 18:50:13.937799
237,Tumbewa Rural Municipality,27,2025-08-16 18:50:13.937799,2025-08-16 18:50:13.937799
238,Yangwarak Rural Municipality,27,2025-08-16 18:50:13.937799,2025-08-16 18:50:13.937799
239,Phungling Municipality,28,2025-08-16 18:50:13.937799,2025-08-16 18:50:13.937799
240,Aathrai Tribeni Rural Municipality,28,2025-08-16 18:50:13.937799,2025-08-16 18:50:13.937799
241,Phaktanglung Rural Municipality,28,2025-08-16 18:50:13.937799,2025-08-16 18:50:13.937799
242,Maiwakhola Rural Municipality,28,2025-08-16 18:50:13.937799,2025-08-16 18:50:13.937799
243,Meringden Rural Municipality,28,2025-08-16 18:50:13.937799,2025-08-16 18:50:13.937799
244,Mikwakhola Rural Municipality,28,2025-08-16 18:50:13.937799,2025-08-16 18:50:13.937799
245,Pathibhara Yangwarak Rural Municipality,28,2025-08-16 18:50:13.937799,2025-08-16 18:50:13.937799
246,Sidingba Rural Municipality,28,2025-08-16 18:50:13.937799,2025-08-16 18:50:13.937799
247,Sirijangha Rural Municipality,28,2025-08-16 18:50:13.937799,2025-08-16 18:50:13.937799
248,Khandbari Municipality,29,2025-08-16 18:50:13.937799,2025-08-16 18:50:13.937799
249,Chainpur Municipality,29,2025-08-16 18:50:13.937799,2025-08-16 18:50:13.937799
250,Dharmadevi Municipality,29,2025-08-16 18:50:13.937799,2025-08-16 18:50:13.937799
251,Madi Municipality,29,2025-08-16 18:50:13.937799,2025-08-16 18:50:13.937799
252,Panchkhapan Municipality,29,2025-08-16 18:50:13.937799,2025-08-16 18:50:13.937799
253,Bhotkhola Rural Municipality,29,2025-08-16 18:50:13.937799,2025-08-16 18:50:13.937799
254,Chichila Rural Municipality,29,2025-08-16 18:50:13.937799,2025-08-16 18:50:13.937799
255,Makalu Rural Municipality,29,2025-08-16 18:50:13.937799,2025-08-16 18:50:13.937799
256,Sabhapokhari Rural Municipality,29,2025-08-16 18:50:13.937799,2025-08-16 18:50:13.937799
257,Silichong Rural Municipality,29,2025-08-16 18:50:13.937799,2025-08-16 18:50:13.937799
258,Myanglung Municipality,30,2025-08-16 18:50:13.937799,2025-08-16 18:50:13.937799
259,Laligurans Municipality,30,2025-08-16 18:50:13.937799,2025-08-16 18:50:13.937799
260,Aathrai Rural Municipality,30,2025-08-16 18:50:13.937799,2025-08-16 18:50:13.937799
261,Chhathar Rural Municipality,30,2025-08-16 18:50:13.937799,2025-08-16 18:50:13.937799
262,Menchhayayem Rural Municipality,30,2025-08-16 18:50:13.937799,2025-08-16 18:50:13.937799
263,Phedap Rural Municipality,30,2025-08-16 18:50:13.937799,2025-08-16 18:50:13.937799
264,Bhojpur Municipality,31,2025-08-16 18:50:13.937799,2025-08-16 18:50:13.937799
265,Shadananda Municipality,31,2025-08-16 18:50:13.937799,2025-08-16 18:50:13.937799
266,Aamchowk Rural Municipality,31,2025-08-16 18:50:13.937799,2025-08-16 18:50:13.937799
267,Arun Rural Municipality,31,2025-08-16 18:50:13.937799,2025-08-16 18:50:13.937799
268,Hatuwagadhi Rural Municipality,31,2025-08-16 18:50:13.937799,2025-08-16 18:50:13.937799
269,Pauwadungma Rural Municipality,31,2025-08-16 18:50:13.937799,2025-08-16 18:50:13.937799
270,Ramprasad Rai Rural Municipality,31,2025-08-16 18:50:13.937799,2025-08-16 18:50:13.937799
271,Salpasilichho Rural Municipality,31,2025-08-16 18:50:13.937799,2025-08-16 18:50:13.937799
272,Tyamkemaiyoom Rural Municipality,31,2025-08-16 18:50:13.937799,2025-08-16 18:50:13.937799
273,Dhankuta Municipality,32,2025-08-16 18:50:13.937799,2025-08-16 18:50:13.937799
274,Mahalaxmi Municipality,32,2025-08-16 18:50:13.937799,2025-08-16 18:50:13.937799
275,Pakhribas Municipality,32,2025-08-16 18:50:13.937799,2025-08-16 18:50:13.937799
276,Chaubise Rural Municipality,32,2025-08-16 18:50:13.937799,2025-08-16 18:50:13.937799
277,Chhathar Jorpati Rural Municipality,32,2025-08-16 18:50:13.937799,2025-08-16 18:50:13.937799
278,Sangurigadhi Rural Municipality,32,2025-08-16 18:50:13.937799,2025-08-16 18:50:13.937799
279,Shahidbhumi Rural Municipality,32,2025-08-16 18:50:13.937799,2025-08-16 18:50:13.937799
280,Diktel Rupakot Majhuwagadhi Municipality,33,2025-08-16 18:50:13.937799,2025-08-16 18:50:13.937799
281,Halesi Tuwachung Municipality,33,2025-08-16 18:50:13.937799,2025-08-16 18:50:13.937799
282,Aiselukharka Rural Municipality,33,2025-08-16 18:50:13.937799,2025-08-16 18:50:13.937799
283,Barahapokhari Rural Municipality,33,2025-08-16 18:50:13.937799,2025-08-16 18:50:13.937799
284,Diprung Chuichumma Rural Municipality,33,2025-08-16 18:50:13.937799,2025-08-16 18:50:13.937799
285,Jantedhunga Rural Municipality,33,2025-08-16 18:50:13.937799,2025-08-16 18:50:13.937799
286,Kepilasgadhi Rural Municipality,33,2025-08-16 18:50:13.937799,2025-08-16 18:50:13.937799
287,Khotehang Rural Municipality,33,2025-08-16 18:50:13.937799,2025-08-16 18:50:13.937799
288,Rawa Besi Rural Municipality,33,2025-08-16 18:50:13.937799,2025-08-16 18:50:13.937799
289,Sakela Rural Municipality,33,2025-08-16 18:50:13.937799,2025-08-16 18:50:13.937799
290,Itahari Sub-Metropolitan City,34,2025-08-16 18:50:13.937799,2025-08-16 18:50:13.937799
291,Dharan Sub-Metropolitan City,34,2025-08-16 18:50:13.937799,2025-08-16 18:50:13.937799
292,Inaruwa Municipality,34,2025-08-16 18:50:13.937799,2025-08-16 18:50:13.937799
293,Barahachhetra Municipality,34,2025-08-16 18:50:13.937799,2025-08-16 18:50:13.937799
294,Duhabi Municipality,34,2025-08-16 18:50:13.937799,2025-08-16 18:50:13.937799
295,Ramdhuni Municipality,34,2025-08-16 18:50:13.937799,2025-08-16 18:50:13.937799
296,Barju Rural Municipality,34,2025-08-16 18:50:13.937799,2025-08-16 18:50:13.937799
297,Bhokraha Narsingh Rural Municipality,34,2025-08-16 18:50:13.937799,2025-08-16 18:50:13.937799
298,Devanganj Rural Municipality,34,2025-08-16 18:50:13.937799,2025-08-16 18:50:13.937799
299,Gadhi Rural Municipality,34,2025-08-16 18:50:13.937799,2025-08-16 18:50:13.937799
300,Harinagara Rural Municipality,34,2025-08-16 18:50:13.937799,2025-08-16 18:50:13.937799
301,Koshi Rural Municipality,34,2025-08-16 18:50:13.937799,2025-08-16 18:50:13.937799
302,Biratnagar Metropolitan City,35,2025-08-16 18:50:13.937799,2025-08-16 18:50:13.937799
303,Belbari Municipality,35,2025-08-16 18:50:13.937799,2025-08-16 18:50:13.937799
304,Letang Municipality,35,2025-08-16 18:50:13.937799,2025-08-16 18:50:13.937799
305,Pathari Shanischare Municipality,35,2025-08-16 18:50:13.937799,2025-08-16 18:50:13.937799
306,Rangeli Municipality,35,2025-08-16 18:50:13.937799,2025-08-16 18:50:13.937799
307,Ratuwamai Municipality,35,2025-08-16 18:50:13.937799,2025-08-16 18:50:13.937799
308,Sundarharaicha Municipality,35,2025-08-16 18:50:13.937799,2025-08-16 18:50:13.937799
309,Sunbarshi Municipality,35,2025-08-16 18:50:13.937799,2025-08-16 18:50:13.937799
310,Urlabari Municipality,35,2025-08-16 18:50:13.937799,2025-08-16 18:50:13.937799
311,Budhiganga Rural Municipality,35,2025-08-16 18:50:13.937799,2025-08-16 18:50:13.937799
312,Dhanpalthan Rural Municipality,35,2025-08-16 18:50:13.937799,2025-08-16 18:50:13.937799
313,Gramthan Rural Municipality,35,2025-08-16 18:50:13.937799,2025-08-16 18:50:13.937799
314,Jahada Rural Municipality,35,2025-08-16 18:50:13.937799,2025-08-16 18:50:13.937799
315,Kanepokhari Rural Municipality,35,2025-08-16 18:50:13.937799,2025-08-16 18:50:13.937799
316,Katahari Rural Municipality,35,2025-08-16 18:50:13.937799,2025-08-16 18:50:13.937799
317,Kerabari Rural Municipality,35,2025-08-16 18:50:13.937799,2025-08-16 18:50:13.937799
318,Miklajung Rural Municipality,35,2025-08-16 18:50:13.937799,2025-08-16 18:50:13.937799
319,Solududhkunda Municipality,36,2025-08-16 18:50:13.937799,2025-08-16 18:50:13.937799
320,Khumbu Pasanglhamu Rural Municipality,36,2025-08-16 18:50:13.937799,2025-08-16 18:50:13.937799
321,Likhu Pike Rural Municipality,36,2025-08-16 18:50:13.937799,2025-08-16 18:50:13.937799
322,Maha Kulung Rural Municipality,36,2025-08-16 18:50:13.937799,2025-08-16 18:50:13.937799
323,Mapya Dudhkoshi Rural Municipality,36,2025-08-16 18:50:13.937799,2025-08-16 18:50:13.937799
324,Necha Salyan Rural Municipality,36,2025-08-16 18:50:13.937799,2025-08-16 18:50:13.937799
325,Sotang Rural Municipality,36,2025-08-16 18:50:13.937799,2025-08-16 18:50:13.937799
326,Thulung Dudhkoshi Rural Municipality,36,2025-08-16 18:50:13.937799,2025-08-16 18:50:13.937799
327,Siddhicharan Municipality,37,2025-08-16 18:50:13.937799,2025-08-16 18:50:13.937799
328,Champadevi Rural Municipality,37,2025-08-16 18:50:13.937799,2025-08-16 18:50:13.937799
329,Chisankhugadhi Rural Municipality,37,2025-08-16 18:50:13.937799,2025-08-16 18:50:13.937799
330,Khijidemba Rural Municipality,37,2025-08-16 18:50:13.937799,2025-08-16 18:50:13.937799
331,Likhu Rural Municipality,37,2025-08-16 18:50:13.937799,2025-08-16 18:50:13.937799
332,Manebhanjyang Rural Municipality,37,2025-08-16 18:50:13.937799,2025-08-16 18:50:13.937799
333,Molung Rural Municipality,37,2025-08-16 18:50:13.937799,2025-08-16 18:50:13.937799
334,Sunkoshi Rural Municipality,37,2025-08-16 18:50:13.937799,2025-08-16 18:50:13.937799
335,Triyuga Municipality,38,2025-08-16 18:50:13.937799,2025-08-16 18:50:13.937799
336,Katari Municipality,38,2025-08-16 18:50:13.937799,2025-08-16 18:50:13.937799
337,Chaudandigadhi Municipality,38,2025-08-16 18:50:13.937799,2025-08-16 18:50:13.937799
338,Belaka Municipality,38,2025-08-16 18:50:13.937799,2025-08-16 18:50:13.937799
339,Limchungbung Rural Municipality,38,2025-08-16 18:50:13.937799,2025-08-16 18:50:13.937799
340,Rautamai Rural Municipality,38,2025-08-16 18:50:13.937799,2025-08-16 18:50:13.937799
341,Tapli Rural Municipality,38,2025-08-16 18:50:13.937799,2025-08-16 18:50:13.937799
342,Udayapurgadhi Rural Municipality,38,2025-08-16 18:50:13.937799,2025-08-16 18:50:13.937799
343,Rajbiraj Municipality,39,2025-08-16 18:50:13.937799,2025-08-16 18:50:13.937799
344,Bode Barsain Municipality,39,2025-08-16 18:50:13.937799,2025-08-16 18:50:13.937799
345,Dakneshwori Municipality,39,2025-08-16 18:50:13.937799,2025-08-16 18:50:13.937799
346,Hanumannagar Kankalini Municipality,39,2025-08-16 18:50:13.937799,2025-08-16 18:50:13.937799
347,Kanchanrup Municipality,39,2025-08-16 18:50:13.937799,2025-08-16 18:50:13.937799
348,Khadak Municipality,39,2025-08-16 18:50:13.937799,2025-08-16 18:50:13.937799
349,Saptakoshi Municipality,39,2025-08-16 18:50:13.937799,2025-08-16 18:50:13.937799
350,Shambhunath Municipality,39,2025-08-16 18:50:13.937799,2025-08-16 18:50:13.937799
351,Surunga Municipality,39,2025-08-16 18:50:13.937799,2025-08-16 18:50:13.937799
352,Agnisair Krishna Savaran Rural Municipality,39,2025-08-16 18:50:13.937799,2025-08-16 18:50:13.937799
353,Balan-Bihul Rural Municipality,39,2025-08-16 18:50:13.937799,2025-08-16 18:50:13.937799
354,Bishnupur Rural Municipality,39,2025-08-16 18:50:13.937799,2025-08-16 18:50:13.937799
355,Chhinnamasta Rural Municipality,39,2025-08-16 18:50:13.937799,2025-08-16 18:50:13.937799
356,Mahadewa Rural Municipality,39,2025-08-16 18:50:13.937799,2025-08-16 18:50:13.937799
357,Rajgadh Rural Municipality,39,2025-08-16 18:50:13.937799,2025-08-16 18:50:13.937799
358,Rupani Rural Municipality,39,2025-08-16 18:50:13.937799,2025-08-16 18:50:13.937799
359,Tilathi Koiladi Rural Municipality,39,2025-08-16 18:50:13.937799,2025-08-16 18:50:13.937799
360,Tirahut Rural Municipality,39,2025-08-16 18:50:13.937799,2025-08-16 18:50:13.937799
361,Lahan Municipality,40,2025-08-16 18:50:13.937799,2025-08-16 18:50:13.937799
362,Dhangadhimai Municipality,40,2025-08-16 18:50:13.937799,2025-08-16 18:50:13.937799
363,Golbazar Municipality,40,2025-08-16 18:50:13.937799,2025-08-16 18:50:13.937799
364,Kalyanpur Municipality,40,2025-08-16 18:50:13.937799,2025-08-16 18:50:13.937799
365,Karjanha Municipality,40,2025-08-16 18:50:13.937799,2025-08-16 18:50:13.937799
366,Mirchaiya Municipality,40,2025-08-16 18:50:13.937799,2025-08-16 18:50:13.937799
367,Siraha Municipality,40,2025-08-16 18:50:13.937799,2025-08-16 18:50:13.937799
368,Sukhipur Municipality,40,2025-08-16 18:50:13.937799,2025-08-16 18:50:13.937799
369,Arnama Rural Municipality,40,2025-08-16 18:50:13.937799,2025-08-16 18:50:13.937799
370,Aurahi Rural Municipality,40,2025-08-16 18:50:13.937799,2025-08-16 18:50:13.937799
371,Bariyarpatti Rural Municipality,40,2025-08-16 18:50:13.937799,2025-08-16 18:50:13.937799
372,Bhagawanpur Rural Municipality,40,2025-08-16 18:50:13.937799,2025-08-16 18:50:13.937799
373,Bishnupur Rural Municipality,40,2025-08-16 18:50:13.937799,2025-08-16 18:50:13.937799
374,Laxmipur Patari Rural Municipality,40,2025-08-16 18:50:13.937799,2025-08-16 18:50:13.937799
375,Naraha Rural Municipality,40,2025-08-16 18:50:13.937799,2025-08-16 18:50:13.937799
376,Nawarajpur Rural Municipality,40,2025-08-16 18:50:13.937799,2025-08-16 18:50:13.937799
377,Sakhuwa Nankarkatti Rural Municipality,40,2025-08-16 18:50:13.937799,2025-08-16 18:50:13.937799
378,Janakpur Sub-Metropolitan City,41,2025-08-16 18:50:13.937799,2025-08-16 18:50:13.937799
379,Bideha Municipality,41,2025-08-16 18:50:13.937799,2025-08-16 18:50:13.937799
380,Chhireshwarnath Municipality,41,2025-08-16 18:50:13.937799,2025-08-16 18:50:13.937799
381,Dhanushadham Municipality,41,2025-08-16 18:50:13.937799,2025-08-16 18:50:13.937799
382,Ganeshman Charnath Municipality,41,2025-08-16 18:50:13.937799,2025-08-16 18:50:13.937799
383,Hansapur Municipality,41,2025-08-16 18:50:13.937799,2025-08-16 18:50:13.937799
384,Kamala Municipality,41,2025-08-16 18:50:13.937799,2025-08-16 18:50:13.937799
385,Mithila Municipality,41,2025-08-16 18:50:13.937799,2025-08-16 18:50:13.937799
386,Mithila Bihari Municipality,41,2025-08-16 18:50:13.937799,2025-08-16 18:50:13.937799
387,Nagarain Municipality,41,2025-08-16 18:50:13.937799,2025-08-16 18:50:13.937799
388,Sabaila Municipality,41,2025-08-16 18:50:13.937799,2025-08-16 18:50:13.937799
389,Shahidnagar Municipality,41,2025-08-16 18:50:13.937799,2025-08-16 18:50:13.937799
390,Aurahi Rural Municipality,41,2025-08-16 18:50:13.937799,2025-08-16 18:50:13.937799
391,Bateshwor Rural Municipality,41,2025-08-16 18:50:13.937799,2025-08-16 18:50:13.937799
392,Dhanauji Rural Municipality,41,2025-08-16 18:50:13.937799,2025-08-16 18:50:13.937799
393,Janaknandini Rural Municipality,41,2025-08-16 18:50:13.937799,2025-08-16 18:50:13.937799
394,Laxminiya Rural Municipality,41,2025-08-16 18:50:13.937799,2025-08-16 18:50:13.937799
395,Mukhiyapatti Musaharmiya Rural Municipality,41,2025-08-16 18:50:13.937799,2025-08-16 18:50:13.937799
396,Jaleshwar Municipality,42,2025-08-16 18:50:13.937799,2025-08-16 18:50:13.937799
397,Bardibas Municipality,42,2025-08-16 18:50:13.937799,2025-08-16 18:50:13.937799
398,Gaushala Municipality,42,2025-08-16 18:50:13.937799,2025-08-16 18:50:13.937799
399,Aurahi Municipality,42,2025-08-16 18:50:13.937799,2025-08-16 18:50:13.937799
400,Balwa Municipality,42,2025-08-16 18:50:13.937799,2025-08-16 18:50:13.937799
401,Bhangaha Municipality,42,2025-08-16 18:50:13.937799,2025-08-16 18:50:13.937799
402,Loharpatti Municipality,42,2025-08-16 18:50:13.937799,2025-08-16 18:50:13.937799
403,Manara Shiswa Municipality,42,2025-08-16 18:50:13.937799,2025-08-16 18:50:13.937799
404,Matihani Municipality,42,2025-08-16 18:50:13.937799,2025-08-16 18:50:13.937799
405,Ramgopalpur Municipality,42,2025-08-16 18:50:13.937799,2025-08-16 18:50:13.937799
406,Ekdara Rural Municipality,42,2025-08-16 18:50:13.937799,2025-08-16 18:50:13.937799
407,Mahottari Rural Municipality,42,2025-08-16 18:50:13.937799,2025-08-16 18:50:13.937799
408,Pipra Rural Municipality,42,2025-08-16 18:50:13.937799,2025-08-16 18:50:13.937799
409,Samsi Rural Municipality,42,2025-08-16 18:50:13.937799,2025-08-16 18:50:13.937799
410,Sonama Rural Municipality,42,2025-08-16 18:50:13.937799,2025-08-16 18:50:13.937799
411,Malangawa Municipality,43,2025-08-16 18:50:13.937799,2025-08-16 18:50:13.937799
412,Lalbandi Municipality,43,2025-08-16 18:50:13.937799,2025-08-16 18:50:13.937799
413,Hariwan Municipality,43,2025-08-16 18:50:13.937799,2025-08-16 18:50:13.937799
414,Bagmati Municipality,43,2025-08-16 18:50:13.937799,2025-08-16 18:50:13.937799
415,Balara Municipality,43,2025-08-16 18:50:13.937799,2025-08-16 18:50:13.937799
416,Barahathwa Municipality,43,2025-08-16 18:50:13.937799,2025-08-16 18:50:13.937799
417,Godaita Municipality,43,2025-08-16 18:50:13.937799,2025-08-16 18:50:13.937799
418,Haripur Municipality,43,2025-08-16 18:50:13.937799,2025-08-16 18:50:13.937799
419,Ishworpur Municipality,43,2025-08-16 18:50:13.937799,2025-08-16 18:50:13.937799
420,Kabilasi Municipality,43,2025-08-16 18:50:13.937799,2025-08-16 18:50:13.937799
421,Basbariya Rural Municipality,43,2025-08-16 18:50:13.937799,2025-08-16 18:50:13.937799
422,Brahmapuri Rural Municipality,43,2025-08-16 18:50:13.937799,2025-08-16 18:50:13.937799
423,Chakraghatta Rural Municipality,43,2025-08-16 18:50:13.937799,2025-08-16 18:50:13.937799
424,Chandranagar Rural Municipality,43,2025-08-16 18:50:13.937799,2025-08-16 18:50:13.937799
425,Dhanakaul Rural Municipality,43,2025-08-16 18:50:13.937799,2025-08-16 18:50:13.937799
426,Hariharpurwa Rural Municipality,43,2025-08-16 18:50:13.937799,2025-08-16 18:50:13.937799
427,Kaudena Rural Municipality,43,2025-08-16 18:50:13.937799,2025-08-16 18:50:13.937799
428,Parsa Rural Municipality,43,2025-08-16 18:50:13.937799,2025-08-16 18:50:13.937799
429,Ramnagar Rural Municipality,43,2025-08-16 18:50:13.937799,2025-08-16 18:50:13.937799
430,Gaur Municipality,44,2025-08-16 18:50:13.937799,2025-08-16 18:50:13.937799
431,Baudhimai Municipality,44,2025-08-16 18:50:13.937799,2025-08-16 18:50:13.937799
432,Brindaban Municipality,44,2025-08-16 18:50:13.937799,2025-08-16 18:50:13.937799
433,Chandrapur Municipality,44,2025-08-16 18:50:13.937799,2025-08-16 18:50:13.937799
434,Dewahi Gonahi Municipality,44,2025-08-16 18:50:13.937799,2025-08-16 18:50:13.937799
435,Gadhimai Municipality,44,2025-08-16 18:50:13.937799,2025-08-16 18:50:13.937799
436,Garuda Municipality,44,2025-08-16 18:50:13.937799,2025-08-16 18:50:13.937799
437,Gujara Municipality,44,2025-08-16 18:50:13.937799,2025-08-16 18:50:13.937799
438,Katahariya Municipality,44,2025-08-16 18:50:13.937799,2025-08-16 18:50:13.937799
439,Madhav Narayan Municipality,44,2025-08-16 18:50:13.937799,2025-08-16 18:50:13.937799
440,Maulapur Municipality,44,2025-08-16 18:50:13.937799,2025-08-16 18:50:13.937799
441,Paroha Municipality,44,2025-08-16 18:50:13.937799,2025-08-16 18:50:13.937799
442,Phatuwa Bijayapur Municipality,44,2025-08-16 18:50:13.937799,2025-08-16 18:50:13.937799
443,Rajdevi Municipality,44,2025-08-16 18:50:13.937799,2025-08-16 18:50:13.937799
444,Rajpur Municipality,44,2025-08-16 18:50:13.937799,2025-08-16 18:50:13.937799
445,Durga Bhagwati Rural Municipality,44,2025-08-16 18:50:13.937799,2025-08-16 18:50:13.937799
446,Ishanath Rural Municipality,44,2025-08-16 18:50:13.937799,2025-08-16 18:50:13.937799
447,Yamunamai Rural Municipality,44,2025-08-16 18:50:13.937799,2025-08-16 18:50:13.937799
448,Kalaiya Sub-Metropolitan City,45,2025-08-16 18:50:13.937799,2025-08-16 18:50:13.937799
449,Jitpur Simara Sub-Metropolitan City,45,2025-08-16 18:50:13.937799,2025-08-16 18:50:13.937799
450,Kolhabi Municipality,45,2025-08-16 18:50:13.937799,2025-08-16 18:50:13.937799
451,Mahagadhimai Municipality,45,2025-08-16 18:50:13.937799,2025-08-16 18:50:13.937799
452,Nijgadh Municipality,45,2025-08-16 18:50:13.937799,2025-08-16 18:50:13.937799
453,Pacharauta Municipality,45,2025-08-16 18:50:13.937799,2025-08-16 18:50:13.937799
454,Simraungadh Municipality,45,2025-08-16 18:50:13.937799,2025-08-16 18:50:13.937799
455,Adarsh Kotwal Rural Municipality,45,2025-08-16 18:50:13.937799,2025-08-16 18:50:13.937799
456,Baragadhi Rural Municipality,45,2025-08-16 18:50:13.937799,2025-08-16 18:50:13.937799
457,Bishrampur Rural Municipality,45,2025-08-16 18:50:13.937799,2025-08-16 18:50:13.937799
458,Devtal Rural Municipality,45,2025-08-16 18:50:13.937799,2025-08-16 18:50:13.937799
459,Karaiyamai Rural Municipality,45,2025-08-16 18:50:13.937799,2025-08-16 18:50:13.937799
460,Parwanipur Rural Municipality,45,2025-08-16 18:50:13.937799,2025-08-16 18:50:13.937799
461,Pheta Rural Municipality,45,2025-08-16 18:50:13.937799,2025-08-16 18:50:13.937799
462,Prasauni Rural Municipality,45,2025-08-16 18:50:13.937799,2025-08-16 18:50:13.937799
463,Suwarna Rural Municipality,45,2025-08-16 18:50:13.937799,2025-08-16 18:50:13.937799
464,Birgunj Metropolitan City,46,2025-08-16 18:50:13.937799,2025-08-16 18:50:13.937799
465,Bahudarmai Municipality,46,2025-08-16 18:50:13.937799,2025-08-16 18:50:13.937799
466,Parsagadhi Municipality,46,2025-08-16 18:50:13.937799,2025-08-16 18:50:13.937799
467,Pokhariya Municipality,46,2025-08-16 18:50:13.937799,2025-08-16 18:50:13.937799
468,Bindabasini Rural Municipality,46,2025-08-16 18:50:13.937799,2025-08-16 18:50:13.937799
469,Chhipaharmai Rural Municipality,46,2025-08-16 18:50:13.937799,2025-08-16 18:50:13.937799
470,Dhobini Rural Municipality,46,2025-08-16 18:50:13.937799,2025-08-16 18:50:13.937799
471,Jagarnathpur Rural Municipality,46,2025-08-16 18:50:13.937799,2025-08-16 18:50:13.937799
472,Jirabhawani Rural Municipality,46,2025-08-16 18:50:13.937799,2025-08-16 18:50:13.937799
473,Kalikamai Rural Municipality,46,2025-08-16 18:50:13.937799,2025-08-16 18:50:13.937799
474,Pakaha Mainpur Rural Municipality,46,2025-08-16 18:50:13.937799,2025-08-16 18:50:13.937799
475,Paterwa Sugauli Rural Municipality,46,2025-08-16 18:50:13.937799,2025-08-16 18:50:13.937799
476,Sakhuwa Prasauni Rural Municipality,46,2025-08-16 18:50:13.937799,2025-08-16 18:50:13.937799
477,Thori Rural Municipality,46,2025-08-16 18:50:13.937799,2025-08-16 18:50:13.937799
478,Sandhikharka Municipality,47,2025-08-16 18:50:13.937799,2025-08-16 18:50:13.937799
479,Bhumikasthan Municipality,47,2025-08-16 18:50:13.937799,2025-08-16 18:50:13.937799
480,Sitganga Municipality,47,2025-08-16 18:50:13.937799,2025-08-16 18:50:13.937799
481,Chhatradev Rural Municipality,47,2025-08-16 18:50:13.937799,2025-08-16 18:50:13.937799
482,Malarani Rural Municipality,47,2025-08-16 18:50:13.937799,2025-08-16 18:50:13.937799
483,Panini Rural Municipality,47,2025-08-16 18:50:13.937799,2025-08-16 18:50:13.937799
484,Nepalganj Sub-Metropolitan City,48,2025-08-16 18:50:13.937799,2025-08-16 18:50:13.937799
485,Kohalpur Municipality,48,2025-08-16 18:50:13.937799,2025-08-16 18:50:13.937799
486,Baijanath Rural Municipality,48,2025-08-16 18:50:13.937799,2025-08-16 18:50:13.937799
487,Duduwa Rural Municipality,48,2025-08-16 18:50:13.937799,2025-08-16 18:50:13.937799
488,Janaki Rural Municipality,48,2025-08-16 18:50:13.937799,2025-08-16 18:50:13.937799
489,Khajura Rural Municipality,48,2025-08-16 18:50:13.937799,2025-08-16 18:50:13.937799
490,Narainapur Rural Municipality,48,2025-08-16 18:50:13.937799,2025-08-16 18:50:13.937799
491,Rapti Sonari Rural Municipality,48,2025-08-16 18:50:13.937799,2025-08-16 18:50:13.937799
492,Gulariya Municipality,49,2025-08-16 18:50:13.937799,2025-08-16 18:50:13.937799
493,Madhuwan Municipality,49,2025-08-16 18:50:13.937799,2025-08-16 18:50:13.937799
494,Rajapur Municipality,49,2025-08-16 18:50:13.937799,2025-08-16 18:50:13.937799
495,Thakurbaba Municipality,49,2025-08-16 18:50:13.937799,2025-08-16 18:50:13.937799
496,Bansgadhi Municipality,49,2025-08-16 18:50:13.937799,2025-08-16 18:50:13.937799
497,Barbardiya Municipality,49,2025-08-16 18:50:13.937799,2025-08-16 18:50:13.937799
498,Badhaiyatal Rural Municipality,49,2025-08-16 18:50:13.937799,2025-08-16 18:50:13.937799
499,Geruwa Rural Municipality,49,2025-08-16 18:50:13.937799,2025-08-16 18:50:13.937799
500,Ghorahi Sub-Metropolitan City,50,2025-08-16 18:50:13.937799,2025-08-16 18:50:13.937799
501,Tulsipur Sub-Metropolitan City,50,2025-08-16 18:50:13.937799,2025-08-16 18:50:13.937799
502,Lamahi Municipality,50,2025-08-16 18:50:13.937799,2025-08-16 18:50:13.937799
503,Babai Rural Municipality,50,2025-08-16 18:50:13.937799,2025-08-16 18:50:13.937799
504,Bangalachuli Rural Municipality,50,2025-08-16 18:50:13.937799,2025-08-16 18:50:13.937799
505,Dangisharan Rural Municipality,50,2025-08-16 18:50:13.937799,2025-08-16 18:50:13.937799
506,Gadhawa Rural Municipality,50,2025-08-16 18:50:13.937799,2025-08-16 18:50:13.937799
507,Rajpur Rural Municipality,50,2025-08-16 18:50:13.937799,2025-08-16 18:50:13.937799
508,Rapti Rural Municipality,50,2025-08-16 18:50:13.937799,2025-08-16 18:50:13.937799
509,Shantinagar Rural Municipality,50,2025-08-16 18:50:13.937799,2025-08-16 18:50:13.937799
510,Bhume Rural Municipality,51,2025-08-16 18:50:13.937799,2025-08-16 18:50:13.937799
511,Putha Uttarganga Rural Municipality,51,2025-08-16 18:50:13.937799,2025-08-16 18:50:13.937799
512,Sisne Rural Municipality,51,2025-08-16 18:50:13.937799,2025-08-16 18:50:13.937799
513,Musikot Municipality,52,2025-08-16 18:50:13.937799,2025-08-16 18:50:13.937799
514,Resunga Municipality,52,2025-08-16 18:50:13.937799,2025-08-16 18:50:13.937799
515,Chandrakot Rural Municipality,52,2025-08-16 18:50:13.937799,2025-08-16 18:50:13.937799
516,Chhatrakot Rural Municipality,52,2025-08-16 18:50:13.937799,2025-08-16 18:50:13.937799
517,Dhurkot Rural Municipality,52,2025-08-16 18:50:13.937799,2025-08-16 18:50:13.937799
518,Gulmi Darbar Rural Municipality,52,2025-08-16 18:50:13.937799,2025-08-16 18:50:13.937799
519,Isma Rural Municipality,52,2025-08-16 18:50:13.937799,2025-08-16 18:50:13.937799
520,Kaligandaki Rural Municipality,52,2025-08-16 18:50:13.937799,2025-08-16 18:50:13.937799
521,Madane Rural Municipality,52,2025-08-16 18:50:13.937799,2025-08-16 18:50:13.937799
522,Malika Rural Municipality,52,2025-08-16 18:50:13.937799,2025-08-16 18:50:13.937799
523,Ruru Rural Municipality,52,2025-08-16 18:50:13.937799,2025-08-16 18:50:13.937799
524,Satyawati Rural Municipality,52,2025-08-16 18:50:13.937799,2025-08-16 18:50:13.937799
525,Kapilvastu Municipality,53,2025-08-16 18:50:13.937799,2025-08-16 18:50:13.937799
526,Buddhabhumi Municipality,53,2025-08-16 18:50:13.937799,2025-08-16 18:50:13.937799
527,Shivraj Municipality,53,2025-08-16 18:50:13.937799,2025-08-16 18:50:13.937799
528,Krishnanagar Municipality,53,2025-08-16 18:50:13.937799,2025-08-16 18:50:13.937799
529,Maharajganj Municipality,53,2025-08-16 18:50:13.937799,2025-08-16 18:50:13.937799
530,Banganga Municipality,53,2025-08-16 18:50:13.937799,2025-08-16 18:50:13.937799
531,Bijaynagar Rural Municipality,53,2025-08-16 18:50:13.937799,2025-08-16 18:50:13.937799
532,Mayadevi Rural Municipality,53,2025-08-16 18:50:13.937799,2025-08-16 18:50:13.937799
533,Suddhodhan Rural Municipality,53,2025-08-16 18:50:13.937799,2025-08-16 18:50:13.937799
534,Yasodhara Rural Municipality,53,2025-08-16 18:50:13.937799,2025-08-16 18:50:13.937799
535,Bardaghat Municipality,54,2025-08-16 18:50:13.937799,2025-08-16 18:50:13.937799
536,Ramgram Municipality,54,2025-08-16 18:50:13.937799,2025-08-16 18:50:13.937799
537,Sunwal Municipality,54,2025-08-16 18:50:13.937799,2025-08-16 18:50:13.937799
538,Palhi Nandan Rural Municipality,54,2025-08-16 18:50:13.937799,2025-08-16 18:50:13.937799
539,Pratappur Rural Municipality,54,2025-08-16 18:50:13.937799,2025-08-16 18:50:13.937799
540,Sarawal Rural Municipality,54,2025-08-16 18:50:13.937799,2025-08-16 18:50:13.937799
541,Susta Rural Municipality,54,2025-08-16 18:50:13.937799,2025-08-16 18:50:13.937799
542,Tansen Municipality,55,2025-08-16 18:50:13.937799,2025-08-16 18:50:13.937799
543,Rampur Municipality,55,2025-08-16 18:50:13.937799,2025-08-16 18:50:13.937799
544,Bagnaskali Rural Municipality,55,2025-08-16 18:50:13.937799,2025-08-16 18:50:13.937799
545,Mathagadhi Rural Municipality,55,2025-08-16 18:50:13.937799,2025-08-16 18:50:13.937799
546,Nisdi Rural Municipality,55,2025-08-16 18:50:13.937799,2025-08-16 18:50:13.937799
547,Purbakhola Rural Municipality,55,2025-08-16 18:50:13.937799,2025-08-16 18:50:13.937799
548,Rainadevi Chhahara Rural Municipality,55,2025-08-16 18:50:13.937799,2025-08-16 18:50:13.937799
549,Rambha Rural Municipality,55,2025-08-16 18:50:13.937799,2025-08-16 18:50:13.937799
550,Ribdikot Rural Municipality,55,2025-08-16 18:50:13.937799,2025-08-16 18:50:13.937799
551,Tinau Rural Municipality,55,2025-08-16 18:50:13.937799,2025-08-16 18:50:13.937799
552,Pyuthan Municipality,56,2025-08-16 18:50:13.937799,2025-08-16 18:50:13.937799
553,Swargadwari Municipality,56,2025-08-16 18:50:13.937799,2025-08-16 18:50:13.937799
554,Airawati Rural Municipality,56,2025-08-16 18:50:13.937799,2025-08-16 18:50:13.937799
555,Gaumukhi Rural Municipality,56,2025-08-16 18:50:13.937799,2025-08-16 18:50:13.937799
556,Jhimruk Rural Municipality,56,2025-08-16 18:50:13.937799,2025-08-16 18:50:13.937799
557,Mallarani Rural Municipality,56,2025-08-16 18:50:13.937799,2025-08-16 18:50:13.937799
558,Mandavi Rural Municipality,56,2025-08-16 18:50:13.937799,2025-08-16 18:50:13.937799
559,Naubahini Rural Municipality,56,2025-08-16 18:50:13.937799,2025-08-16 18:50:13.937799
560,Sarumarani Rural Municipality,56,2025-08-16 18:50:13.937799,2025-08-16 18:50:13.937799
561,Rolpa Municipality,57,2025-08-16 18:50:13.937799,2025-08-16 18:50:13.937799
562,Gangadev Rural Municipality,57,2025-08-16 18:50:13.937799,2025-08-16 18:50:13.937799
563,Lungri Rural Municipality,57,2025-08-16 18:50:13.937799,2025-08-16 18:50:13.937799
564,Madi Rural Municipality,57,2025-08-16 18:50:13.937799,2025-08-16 18:50:13.937799
565,Runtigadhi Rural Municipality,57,2025-08-16 18:50:13.937799,2025-08-16 18:50:13.937799
566,Sukidaha Rural Municipality,57,2025-08-16 18:50:13.937799,2025-08-16 18:50:13.937799
567,Sunchhahari Rural Municipality,57,2025-08-16 18:50:13.937799,2025-08-16 18:50:13.937799
568,Sunilsmriti Rural Municipality,57,2025-08-16 18:50:13.937799,2025-08-16 18:50:13.937799
569,Thabang Rural Municipality,57,2025-08-16 18:50:13.937799,2025-08-16 18:50:13.937799
570,Triveni Rural Municipality,57,2025-08-16 18:50:13.937799,2025-08-16 18:50:13.937799
571,Butwal Sub-Metropolitan City,58,2025-08-16 18:50:13.937799,2025-08-16 18:50:13.937799
572,Devdaha Municipality,58,2025-08-16 18:50:13.937799,2025-08-16 18:50:13.937799
573,Lumbini Sanskritik Municipality,58,2025-08-16 18:50:13.937799,2025-08-16 18:50:13.937799
574,Sainamaina Municipality,58,2025-08-16 18:50:13.937799,2025-08-16 18:50:13.937799
575,Siddharthanagar Municipality,58,2025-08-16 18:50:13.937799,2025-08-16 18:50:13.937799
576,Tilottama Municipality,58,2025-08-16 18:50:13.937799,2025-08-16 18:50:13.937799
577,Gaidahawa Rural Municipality,58,2025-08-16 18:50:13.937799,2025-08-16 18:50:13.937799
578,Kotahimai Rural Municipality,58,2025-08-16 18:50:13.937799,2025-08-16 18:50:13.937799
579,Marchawari Rural Municipality,58,2025-08-16 18:50:13.937799,2025-08-16 18:50:13.937799
580,Mayadevi Rural Municipality,58,2025-08-16 18:50:13.937799,2025-08-16 18:50:13.937799
581,Omsatiya Rural Municipality,58,2025-08-16 18:50:13.937799,2025-08-16 18:50:13.937799
582,Rohini Rural Municipality,58,2025-08-16 18:50:13.937799,2025-08-16 18:50:13.937799
583,Sammarimai Rural Municipality,58,2025-08-16 18:50:13.937799,2025-08-16 18:50:13.937799
584,Siyari Rural Municipality,58,2025-08-16 18:50:13.937799,2025-08-16 18:50:13.937799
585,Suddhodhan Rural Municipality,58,2025-08-16 18:50:13.937799,2025-08-16 18:50:13.937799
586,Narayan Municipality,59,2025-08-16 18:50:13.937799,2025-08-16 18:50:13.937799
587,Dullu Municipality,59,2025-08-16 18:50:13.937799,2025-08-16 18:50:13.937799
588,Chamunda Bindrasaini Municipality,59,2025-08-16 18:50:13.937799,2025-08-16 18:50:13.937799
589,Aathabis Municipality,59,2025-08-16 18:50:13.937799,2025-08-16 18:50:13.937799
590,Bhagawatimai Rural Municipality,59,2025-08-16 18:50:13.937799,2025-08-16 18:50:13.937799
591,Bhairabi Rural Municipality,59,2025-08-16 18:50:13.937799,2025-08-16 18:50:13.937799
592,Dungeshwor Rural Municipality,59,2025-08-16 18:50:13.937799,2025-08-16 18:50:13.937799
593,Gurans Rural Municipality,59,2025-08-16 18:50:13.937799,2025-08-16 18:50:13.937799
594,Mahabu Rural Municipality,59,2025-08-16 18:50:13.937799,2025-08-16 18:50:13.937799
595,Naumule Rural Municipality,59,2025-08-16 18:50:13.937799,2025-08-16 18:50:13.937799
596,Thantikandh Rural Municipality,59,2025-08-16 18:50:13.937799,2025-08-16 18:50:13.937799
597,Thuli Bheri Municipality,60,2025-08-16 18:50:13.937799,2025-08-16 18:50:13.937799
598,Tripurasundari Municipality,60,2025-08-16 18:50:13.937799,2025-08-16 18:50:13.937799
599,Chharka Tangsong Rural Municipality,60,2025-08-16 18:50:13.937799,2025-08-16 18:50:13.937799
600,Dolpo Buddha Rural Municipality,60,2025-08-16 18:50:13.937799,2025-08-16 18:50:13.937799
601,Jagadulla Rural Municipality,60,2025-08-16 18:50:13.937799,2025-08-16 18:50:13.937799
602,Kaike Rural Municipality,60,2025-08-16 18:50:13.937799,2025-08-16 18:50:13.937799
603,Mudkechula Rural Municipality,60,2025-08-16 18:50:13.937799,2025-08-16 18:50:13.937799
604,She Phoksundo Rural Municipality,60,2025-08-16 18:50:13.937799,2025-08-16 18:50:13.937799
605,Simkot Rural Municipality,61,2025-08-16 18:50:13.937799,2025-08-16 18:50:13.937799
606,Kharpunath Rural Municipality,61,2025-08-16 18:50:13.937799,2025-08-16 18:50:13.937799
607,Sarkegad Rural Municipality,61,2025-08-16 18:50:13.937799,2025-08-16 18:50:13.937799
608,Chankheli Rural Municipality,61,2025-08-16 18:50:13.937799,2025-08-16 18:50:13.937799
609,Adanchuli Rural Municipality,61,2025-08-16 18:50:13.937799,2025-08-16 18:50:13.937799
610,Tanjakot Rural Municipality,61,2025-08-16 18:50:13.937799,2025-08-16 18:50:13.937799
611,Namkha Rural Municipality,61,2025-08-16 18:50:13.937799,2025-08-16 18:50:13.937799
612,Bheri Municipality,62,2025-08-16 18:50:13.937799,2025-08-16 18:50:13.937799
613,Chhedagad Municipality,62,2025-08-16 18:50:13.937799,2025-08-16 18:50:13.937799
614,Nalgad Municipality,62,2025-08-16 18:50:13.937799,2025-08-16 18:50:13.937799
615,Barekot Rural Municipality,62,2025-08-16 18:50:13.937799,2025-08-16 18:50:13.937799
616,Junichande Rural Municipality,62,2025-08-16 18:50:13.937799,2025-08-16 18:50:13.937799
617,Kushe Rural Municipality,62,2025-08-16 18:50:13.937799,2025-08-16 18:50:13.937799
618,Shivalaya Rural Municipality,62,2025-08-16 18:50:13.937799,2025-08-16 18:50:13.937799
619,Chandannath Municipality,63,2025-08-16 18:50:13.937799,2025-08-16 18:50:13.937799
620,Guthichaur Rural Municipality,63,2025-08-16 18:50:13.937799,2025-08-16 18:50:13.937799
621,Hima Rural Municipality,63,2025-08-16 18:50:13.937799,2025-08-16 18:50:13.937799
622,Kanakasundari Rural Municipality,63,2025-08-16 18:50:13.937799,2025-08-16 18:50:13.937799
623,Patarasi Rural Municipality,63,2025-08-16 18:50:13.937799,2025-08-16 18:50:13.937799
624,Sinja Rural Municipality,63,2025-08-16 18:50:13.937799,2025-08-16 18:50:13.937799
625,Tatopani Rural Municipality,63,2025-08-16 18:50:13.937799,2025-08-16 18:50:13.937799
626,Tila Rural Municipality,63,2025-08-16 18:50:13.937799,2025-08-16 18:50:13.937799
627,Khandachakra Municipality,64,2025-08-16 18:50:13.937799,2025-08-16 18:50:13.937799
628,Raskot Municipality,64,2025-08-16 18:50:13.937799,2025-08-16 18:50:13.937799
629,Tilagufa Municipality,64,2025-08-16 18:50:13.937799,2025-08-16 18:50:13.937799
630,Naraharinath Rural Municipality,64,2025-08-16 18:50:13.937799,2025-08-16 18:50:13.937799
631,Palata Rural Municipality,64,2025-08-16 18:50:13.937799,2025-08-16 18:50:13.937799
632,Pachaljharana Rural Municipality,64,2025-08-16 18:50:13.937799,2025-08-16 18:50:13.937799
633,Sanni Triveni Rural Municipality,64,2025-08-16 18:50:13.937799,2025-08-16 18:50:13.937799
634,Shubha Kalika Rural Municipality,64,2025-08-16 18:50:13.937799,2025-08-16 18:50:13.937799
635,Chhayanath Rara Municipality,65,2025-08-16 18:50:13.937799,2025-08-16 18:50:13.937799
636,Khatyad Rural Municipality,65,2025-08-16 18:50:13.937799,2025-08-16 18:50:13.937799
637,Mugum Karmarong Rural Municipality,65,2025-08-16 18:50:13.937799,2025-08-16 18:50:13.937799
638,Soru Rural Municipality,65,2025-08-16 18:50:13.937799,2025-08-16 18:50:13.937799
639,Sharada Municipality,66,2025-08-16 18:50:13.937799,2025-08-16 18:50:13.937799
640,Bagchaur Municipality,66,2025-08-16 18:50:13.937799,2025-08-16 18:50:13.937799
641,Bangad Kupinde Municipality,66,2025-08-16 18:50:13.937799,2025-08-16 18:50:13.937799
642,Chhatreshwori Rural Municipality,66,2025-08-16 18:50:13.937799,2025-08-16 18:50:13.937799
643,Darma Rural Municipality,66,2025-08-16 18:50:13.937799,2025-08-16 18:50:13.937799
644,Kalimati Rural Municipality,66,2025-08-16 18:50:13.937799,2025-08-16 18:50:13.937799
645,Kapurkot Rural Municipality,66,2025-08-16 18:50:13.937799,2025-08-16 18:50:13.937799
646,Kumakh Rural Municipality,66,2025-08-16 18:50:13.937799,2025-08-16 18:50:13.937799
647,Siddha Kumakh Rural Municipality,66,2025-08-16 18:50:13.937799,2025-08-16 18:50:13.937799
648,Triveni Rural Municipality,66,2025-08-16 18:50:13.937799,2025-08-16 18:50:13.937799
649,Birendranagar Municipality,67,2025-08-16 18:50:13.937799,2025-08-16 18:50:13.937799
650,Bheriganga Municipality,67,2025-08-16 18:50:13.937799,2025-08-16 18:50:13.937799
651,Gurbhakot Municipality,67,2025-08-16 18:50:13.937799,2025-08-16 18:50:13.937799
652,Lekbeshi Municipality,67,2025-08-16 18:50:13.937799,2025-08-16 18:50:13.937799
653,Panchapuri Municipality,67,2025-08-16 18:50:13.937799,2025-08-16 18:50:13.937799
654,Barahatal Rural Municipality,67,2025-08-16 18:50:13.937799,2025-08-16 18:50:13.937799
655,Chaukune Rural Municipality,67,2025-08-16 18:50:13.937799,2025-08-16 18:50:13.937799
656,Chingad Rural Municipality,67,2025-08-16 18:50:13.937799,2025-08-16 18:50:13.937799
657,Simta Rural Municipality,67,2025-08-16 18:50:13.937799,2025-08-16 18:50:13.937799
658,Musikot Municipality,68,2025-08-16 18:50:13.937799,2025-08-16 18:50:13.937799
659,Chaurjahari Municipality,68,2025-08-16 18:50:13.937799,2025-08-16 18:50:13.937799
660,Aathbiskot Municipality,68,2025-08-16 18:50:13.937799,2025-08-16 18:50:13.937799
661,Banfikot Rural Municipality,68,2025-08-16 18:50:13.937799,2025-08-16 18:50:13.937799
662,Sani Bheri Rural Municipality,68,2025-08-16 18:50:13.937799,2025-08-16 18:50:13.937799
663,Triveni Rural Municipality,68,2025-08-16 18:50:13.937799,2025-08-16 18:50:13.937799
664,Mangalsen Municipality,69,2025-08-16 18:50:13.937799,2025-08-16 18:50:13.937799
665,Kamalbazar Municipality,69,2025-08-16 18:50:13.937799,2025-08-16 18:50:13.937799
666,Sanphebagar Municipality,69,2025-08-16 18:50:13.937799,2025-08-16 18:50:13.937799
667,Panchadewal Binayak Municipality,69,2025-08-16 18:50:13.937799,2025-08-16 18:50:13.937799
668,Bannigadi Jayagadh Rural Municipality,69,2025-08-16 18:50:13.937799,2025-08-16 18:50:13.937799
669,Chaurpati Rural Municipality,69,2025-08-16 18:50:13.937799,2025-08-16 18:50:13.937799
670,Dhakari Rural Municipality,69,2025-08-16 18:50:13.937799,2025-08-16 18:50:13.937799
671,Mellekh Rural Municipality,69,2025-08-16 18:50:13.937799,2025-08-16 18:50:13.937799
672,Ramaroshan Rural Municipality,69,2025-08-16 18:50:13.937799,2025-08-16 18:50:13.937799
673,Turmakhad Rural Municipality,69,2025-08-16 18:50:13.937799,2025-08-16 18:50:13.937799
674,Dasharathchanda Municipality,70,2025-08-16 18:50:13.937799,2025-08-16 18:50:13.937799
675,Patan Municipality,70,2025-08-16 18:50:13.937799,2025-08-16 18:50:13.937799
676,Melauli Municipality,70,2025-08-16 18:50:13.937799,2025-08-16 18:50:13.937799
677,Purchaudi Municipality,70,2025-08-16 18:50:13.937799,2025-08-16 18:50:13.937799
678,Dilasaini Rural Municipality,70,2025-08-16 18:50:13.937799,2025-08-16 18:50:13.937799
679,Dogada Kedar Rural Municipality,70,2025-08-16 18:50:13.937799,2025-08-16 18:50:13.937799
680,Pancheshwar Rural Municipality,70,2025-08-16 18:50:13.937799,2025-08-16 18:50:13.937799
681,Shivanath Rural Municipality,70,2025-08-16 18:50:13.937799,2025-08-16 18:50:13.937799
682,Sigas Rural Municipality,70,2025-08-16 18:50:13.937799,2025-08-16 18:50:13.937799
683,Surnaya Rural Municipality,70,2025-08-16 18:50:13.937799,2025-08-16 18:50:13.937799
684,Jayaprithvi Municipality,71,2025-08-16 18:50:13.937799,2025-08-16 18:50:13.937799
685,Bungal Municipality,71,2025-08-16 18:50:13.937799,2025-08-16 18:50:13.937799
686,Bitthadchir Rural Municipality,71,2025-08-16 18:50:13.937799,2025-08-16 18:50:13.937799
687,Chhabis Pathibhera Rural Municipality,71,2025-08-16 18:50:13.937799,2025-08-16 18:50:13.937799
688,Durgathali Rural Municipality,71,2025-08-16 18:50:13.937799,2025-08-16 18:50:13.937799
689,Kedarsyu Rural Municipality,71,2025-08-16 18:50:13.937799,2025-08-16 18:50:13.937799
690,Khaptadchhanna Rural Municipality,71,2025-08-16 18:50:13.937799,2025-08-16 18:50:13.937799
691,Masta Rural Municipality,71,2025-08-16 18:50:13.937799,2025-08-16 18:50:13.937799
692,Saipal Rural Municipality,71,2025-08-16 18:50:13.937799,2025-08-16 18:50:13.937799
693,Surma Rural Municipality,71,2025-08-16 18:50:13.937799,2025-08-16 18:50:13.937799
694,Talkot Rural Municipality,71,2025-08-16 18:50:13.937799,2025-08-16 18:50:13.937799
695,Thalara Rural Municipality,71,2025-08-16 18:50:13.937799,2025-08-16 18:50:13.937799
696,Badimalika Municipality,72,2025-08-16 18:50:13.937799,2025-08-16 18:50:13.937799
697,Budhiganga Municipality,72,2025-08-16 18:50:13.937799,2025-08-16 18:50:13.937799
698,Budhinanda Municipality,72,2025-08-16 18:50:13.937799,2025-08-16 18:50:13.937799
699,Tribeni Municipality,72,2025-08-16 18:50:13.937799,2025-08-16 18:50:13.937799
700,Gaumul Rural Municipality,72,2025-08-16 18:50:13.937799,2025-08-16 18:50:13.937799
701,Himali Rural Municipality,72,2025-08-16 18:50:13.937799,2025-08-16 18:50:13.937799
702,Jagannath Rural Municipality,72,2025-08-16 18:50:13.937799,2025-08-16 18:50:13.937799
703,Khaptad Chhededaha Rural Municipality,72,2025-08-16 18:50:13.937799,2025-08-16 18:50:13.937799
704,Swamikartik Khapar Rural Municipality,72,2025-08-16 18:50:13.937799,2025-08-16 18:50:13.937799
705,Amargadhi Municipality,73,2025-08-16 18:50:13.937799,2025-08-16 18:50:13.937799
706,Parshuram Municipality,73,2025-08-16 18:50:13.937799,2025-08-16 18:50:13.937799
707,Aalital Rural Municipality,73,2025-08-16 18:50:13.937799,2025-08-16 18:50:13.937799
708,Ajayameru Rural Municipality,73,2025-08-16 18:50:13.937799,2025-08-16 18:50:13.937799
709,Bhageshwor Rural Municipality,73,2025-08-16 18:50:13.937799,2025-08-16 18:50:13.937799
710,Ganyadhura Rural Municipality,73,2025-08-16 18:50:13.937799,2025-08-16 18:50:13.937799
711,Navdurga Rural Municipality,73,2025-08-16 18:50:13.937799,2025-08-16 18:50:13.937799
712,Mahakali Municipality,74,2025-08-16 18:50:13.937799,2025-08-16 18:50:13.937799
713,Shailyashikhar Municipality,74,2025-08-16 18:50:13.937799,2025-08-16 18:50:13.937799
714,Api Himal Rural Municipality,74,2025-08-16 18:50:13.937799,2025-08-16 18:50:13.937799
715,Byas Rural Municipality,74,2025-08-16 18:50:13.937799,2025-08-16 18:50:13.937799
716,Duhun Rural Municipality,74,2025-08-16 18:50:13.937799,2025-08-16 18:50:13.937799
717,Lekam Rural Municipality,74,2025-08-16 18:50:13.937799,2025-08-16 18:50:13.937799
718,Marma Rural Municipality,74,2025-08-16 18:50:13.937799,2025-08-16 18:50:13.937799
719,Naugad Rural Municipality,74,2025-08-16 18:50:13.937799,2025-08-16 18:50:13.937799
720,Dipayal Silgadhi Municipality,75,2025-08-16 18:50:13.937799,2025-08-16 18:50:13.937799
721,Shikhar Municipality,75,2025-08-16 18:50:13.937799,2025-08-16 18:50:13.937799
722,Adharsha Rural Municipality,75,2025-08-16 18:50:13.937799,2025-08-16 18:50:13.937799
723,Badikedar Rural Municipality,75,2025-08-16 18:50:13.937799,2025-08-16 18:50:13.937799
724,Bogtan Phudsil Rural Municipality,75,2025-08-16 18:50:13.937799,2025-08-16 18:50:13.937799
725,Jorayal Rural Municipality,75,2025-08-16 18:50:13.937799,2025-08-16 18:50:13.937799
726,K.I. Singh Rural Municipality,75,2025-08-16 18:50:13.937799,2025-08-16 18:50:13.937799
727,Purbichauki Rural Municipality,75,2025-08-16 18:50:13.937799,2025-08-16 18:50:13.937799
728,Sayal Rural Municipality,75,2025-08-16 18:50:13.937799,2025-08-16 18:50:13.937799
729,Dhangadhi Sub-Metropolitan City,76,2025-08-16 18:50:13.937799,2025-08-16 18:50:13.937799
730,Bhajani Municipality,76,2025-08-16 18:50:13.937799,2025-08-16 18:50:13.937799
731,Ghodaghodi Municipality,76,2025-08-16 18:50:13.937799,2025-08-16 18:50:13.937799
732,Godawari Municipality,76,2025-08-16 18:50:13.937799,2025-08-16 18:50:13.937799
733,Gauriganga Municipality,76,2025-08-16 18:50:13.937799,2025-08-16 18:50:13.937799
734,Lamkichuha Municipality,76,2025-08-16 18:50:13.937799,2025-08-16 18:50:13.937799
735,Tikapur Municipality,76,2025-08-16 18:50:13.937799,2025-08-16 18:50:13.937799
736,Bardagoriya Rural Municipality,76,2025-08-16 18:50:13.937799,2025-08-16 18:50:13.937799
737,Chure Rural Municipality,76,2025-08-16 18:50:13.937799,2025-08-16 18:50:13.937799
738,Janaki Rural Municipality,76,2025-08-16 18:50:13.937799,2025-08-16 18:50:13.937799
739,Joshipur Rural Municipality,76,2025-08-16 18:50:13.937799,2025-08-16 18:50:13.937799
740,Kailari Rural Municipality,76,2025-08-16 18:50:13.937799,2025-08-16 18:50:13.937799
741,Mohanyal Rural Municipality,76,2025-08-16 18:50:13.937799,2025-08-16 18:50:13.937799
742,Bhimdatta Municipality,77,2025-08-16 18:50:13.937799,2025-08-16 18:50:13.937799
743,Punarbas Municipality,77,2025-08-16 18:50:13.937799,2025-08-16 18:50:13.937799
744,Bedkot Municipality,77,2025-08-16 18:50:13.937799,2025-08-16 18:50:13.937799
745,Belauri Municipality,77,2025-08-16 18:50:13.937799,2025-08-16 18:50:13.937799
746,Krishnapur Municipality,77,2025-08-16 18:50:13.937799,2025-08-16 18:50:13.937799
747,Mahakali Municipality,77,2025-08-16 18:50:13.937799,2025-08-16 18:50:13.937799
748,Shuklaphanta Municipality,77,2025-08-16 18:50:13.937799,2025-08-16 18:50:13.937799
749,Beldandi Rural Municipality,77,2025-08-16 18:50:13.937799,2025-08-16 18:50:13.937799
750,Laljhadi Rural Municipality,77,2025-08-16 18:50:13.937799,2025-08-16 18:50:13.937799
